AgeID,Age
,3
,1
,1
,4
,1
,3
,12
,0
,2
,12
,2
,3
,2
,2
,3
,78
,6
,8
,2
,1
,12
,3
,0
,10
,3
,36
,2
,1
,14
,1
,4
,1
,24
,4
,3
,12
,24
,2
,12
,12
,2
,1
,24
,5
,12
,4
,5
,72
,1
,60
,1
,6
,2
,12
,3
,3
,5
,24
,4
,2
,1
,9
,60
,2
,2
,48
,3
,4
,9
,62
,36
,1
,2
,2
,1
,2
,2
,12
,2
,1
,2
,3
,3
,3
,6
,1
,47
,2
,12
,2
,1
,1
,1
,24
,24
,2
,19
,4
,24
,3
,1
,24
,60
,1
,3
,2
,1
,2
,2
,3
,2
,12
,4
,120
,3
,1
,36
,3
,60
,1
,3
,36
,12
,1
,0
,1
,5
,24
,3
,3
,4
,3
,1
,8
,2
,32
,3
,12
,4
,2
,7
,5
,2
,60
,4
,120
,12
,17
,2
,48
,4
,12
,12
,3
,1
,36
,12
,2
,36
,1
,1
,0
,2
,2
,2
,36
,3
,2
,1
,2
,2
,2
,3
,17
,2
,48
,1
,5
,8
,4
,3
,72
,12
,12
,12
,22
,36
,2
,4
,12
,7
,2
,3
,24
,1
,1
,3
,5
,16
,2
,2
,7
,13
,3
,12
,3
,2
,10
,2
,2
,4
,60
,2
,12
,2
,0
,2
,6
,3
,1
,2
,3
,19
,11
,37
,4
,3
,6
,1
,5
,1
,7
,4
,1
,48
,3
,2
,4
,22
,60
,1
,3
,3
,4
,13
,1
,5
,2
,1
,2
,36
,2
,2
,2
,8
,2
,9
,6
,2
,18
,14
,3
,2
,1
,12
,12
,1
,9
,2
,2
,2
,3
,3
,6
,3
,24
,3
,24
,1
,2
,2
,7
,3
,1
,1
,55
,2
,3
,36
,1
,6
,6
,4
,2
,5
,20
,2
,7
,1
,2
,1
,28
,24
,2
,12
,4
,2
,2
,1
,1
,5
,22
,36
,36
,8
,10
,2
,2
,3
,3
,0
,60
,2
,2
,12
,1
,2
,2
,1
,24
,3
,2
,2
,12
,12
,1
,11
,74
,36
,3
,2
,3
,48
,3
,2
,36
,3
,4
,2
,1
,60
,2
,4
,3
,2
,3
,2
,1
,18
,1
,3
,6
,6
,2
,24
,6
,2
,48
,2
,3
,1
,53
,1
,7
,4
,1
,1
,2
,48
,1
,2
,1
,48
,1
,3
,7
,3
,1
,3
,3
,12
,2
,2
,3
,25
,14
,1
,1
,1
,10
,7
,2
,1
,12
,84
,3
,6
,4
,8
,1
,1
,18
,2
,36
,2
,6
,2
,1
,18
,4
,6
,2
,4
,2
,1
,2
,8
,1
,3
,3
,3
,4
,12
,0
,72
,1
,1
,3
,12
,2
,2
,4
,3
,4
,3
,4
,12
,36
,2
,4
,5
,12
,5
,2
,48
,5
,2
,5
,4
,2
,3
,4
,5
,3
,2
,2
,4
,3
,12
,4
,5
,2
,2
,1
,3
,2
,17
,8
,5
,12
,12
,5
,2
,24
,5
,2
,2
,2
,36
,24
,9
,1
,3
,10
,12
,3
,48
,24
,76
,2
,30
,2
,1
,48
,9
,12
,6
,1
,4
,18
,1
,2
,2
,132
,16
,84
,48
,2
,12
,2
,72
,3
,60
,2
,2
,1
,7
,3
,6
,2
,3
,2
,2
,1
,4
,24
,2
,24
,12
,3
,1
,2
,12
,12
,3
,2
,1
,72
,2
,1
,36
,3
,2
,24
,11
,12
,3
,12
,60
,1
,2
,6
,3
,2
,2
,3
,5
,24
,4
,3
,4
,19
,2
,2
,6
,2
,2
,12
,11
,2
,36
,12
,1
,8
,24
,1
,3
,3
,2
,12
,8
,1
,2
,1
,12
,6
,2
,48
,1
,0
,60
,0
,2
,3
,3
,2
,2
,1
,24
,10
,2
,1
,60
,1
,4
,5
,7
,36
,2
,2
,2
,0
,1
,2
,2
,4
,1
,3
,3
,60
,5
,2
,12
,2
,2
,14
,1
,8
,3
,8
,6
,1
,1
,18
,60
,12
,6
,2
,2
,2
,2
,5
,2
,24
,2
,5
,24
,2
,1
,2
,4
,36
,12
,12
,2
,84
,4
,7
,2
,9
,1
,3
,3
,24
,4
,1
,5
,3
,2
,4
,2
,24
,1
,9
,4
,96
,60
,72
,46
,2
,1
,1
,3
,2
,2
,3
,2
,6
,2
,12
,8
,2
,48
,1
,1
,2
,6
,3
,0
,3
,12
,2
,9
,3
,4
,2
,3
,4
,3
,2
,2
,2
,10
,12
,15
,5
,3
,3
,1
,6
,36
,2
,2
,2
,2
,5
,1
,1
,24
,1
,2
,2
,2
,5
,3
,1
,2
,1
,10
,1
,60
,2
,5
,50
,2
,1
,72
,1
,3
,1
,17
,1
,2
,84
,24
,1
,8
,1
,8
,1
,48
,4
,2
,2
,1
,1
,30
,12
,1
,56
,2
,24
,36
,2
,3
,1
,54
,4
,2
,12
,50
,11
,12
,2
,1
,3
,1
,24
,1
,2
,1
,30
,3
,8
,1
,3
,2
,6
,5
,13
,6
,2
,17
,1
,12
,5
,2
,3
,4
,8
,3
,11
,4
,3
,3
,2
,3
,6
,8
,2
,1
,2
,3
,12
,23
,12
,2
,4
,2
,1
,0
,2
,12
,92
,8
,30
,2
,3
,14
,2
,14
,3
,2
,2
,19
,3
,1
,3
,4
,5
,5
,7
,3
,2
,2
,6
,2
,3
,4
,4
,2
,3
,3
,2
,1
,24
,2
,4
,3
,3
,3
,3
,29
,32
,2
,7
,5
,1
,12
,2
,5
,12
,2
,12
,24
,3
,12
,6
,4
,48
,5
,10
,2
,5
,24
,3
,1
,1
,24
,4
,1
,48
,2
,18
,2
,12
,3
,2
,12
,6
,1
,7
,2
,2
,5
,84
,2
,3
,1
,1
,2
,11
,2
,4
,7
,2
,36
,2
,6
,3
,5
,3
,1
,12
,1
,1
,12
,3
,1
,5
,9
,16
,5
,2
,2
,12
,36
,1
,1
,8
,48
,2
,2
,3
,12
,5
,4
,3
,12
,2
,1
,12
,30
,2
,6
,60
,60
,4
,2
,1
,24
,1
,2
,1
,1
,1
,24
,9
,1
,1
,10
,2
,10
,3
,4
,3
,8
,2
,2
,4
,1
,8
,2
,24
,1
,2
,2
,2
,20
,3
,2
,6
,15
,8
,9
,12
,18
,3
,24
,12
,12
,12
,1
,1
,4
,2
,4
,1
,2
,2
,2
,4
,18
,2
,2
,1
,4
,84
,24
,1
,3
,9
,48
,7
,24
,4
,2
,6
,4
,6
,60
,2
,4
,2
,60
,1
,2
,120
,1
,12
,3
,6
,72
,1
,1
,2
,5
,3
,1
,3
,2
,3
,27
,2
,1
,36
,1
,6
,1
,2
,12
,2
,5
,12
,2
,2
,3
,6
,2
,12
,2
,96
,24
,4
,2
,2
,2
,4
,6
,4
,1
,24
,24
,1
,2
,2
,3
,36
,3
,2
,17
,6
,5
,12
,2
,2
,18
,7
,2
,12
,36
,3
,36
,60
,24
,10
,12
,4
,24
,60
,6
,4
,2
,2
,0
,72
,3
,2
,1
,3
,2
,120
,12
,2
,2
,1
,1
,2
,7
,36
,3
,2
,2
,2
,8
,96
,1
,1
,6
,2
,3
,3
,12
,2
,4
,15
,72
,2
,5
,2
,6
,3
,7
,3
,5
,2
,7
,1
,49
,1
,1
,12
,9
,2
,2
,2
,3
,4
,2
,4
,12
,2
,5
,1
,3
,36
,1
,2
,36
,2
,12
,2
,3
,12
,2
,2
,60
,1
,2
,1
,7
,6
,12
,48
,5
,1
,4
,2
,1
,0
,5
,1
,12
,13
,2
,12
,5
,2
,12
,13
,7
,24
,27
,2
,24
,60
,5
,1
,1
,5
,4
,3
,11
,2
,4
,2
,4
,6
,7
,4
,12
,10
,2
,1
,3
,2
,1
,2
,12
,1
,3
,10
,12
,6
,44
,12
,9
,2
,2
,2
,2
,2
,36
,4
,3
,0
,9
,1
,7
,24
,3
,2
,12
,5
,0
,2
,1
,1
,3
,1
,2
,9
,5
,2
,1
,2
,2
,20
,60
,1
,4
,2
,11
,3
,1
,24
,3
,16
,2
,5
,1
,4
,36
,5
,3
,0
,2
,2
,18
,6
,24
,13
,12
,30
,12
,36
,2
,6
,36
,0
,18
,7
,36
,1
,12
,12
,4
,3
,1
,3
,4
,3
,2
,2
,27
,4
,4
,48
,1
,36
,18
,36
,5
,3
,1
,2
,12
,3
,2
,8
,36
,36
,2
,144
,2
,2
,60
,2
,36
,36
,3
,2
,18
,1
,12
,24
,0
,1
,2
,1
,4
,2
,12
,2
,2
,12
,2
,72
,5
,36
,2
,1
,29
,4
,7
,22
,6
,3
,3
,10
,1
,4
,5
,3
,1
,4
,2
,24
,3
,7
,1
,8
,2
,6
,2
,1
,4
,3
,12
,3
,2
,2
,3
,24
,2
,2
,24
,6
,8
,72
,16
,12
,1
,60
,3
,4
,4
,3
,3
,12
,1
,4
,2
,1
,21
,2
,2
,12
,30
,2
,18
,2
,1
,1
,14
,62
,6
,2
,12
,2
,3
,3
,12
,1
,36
,12
,24
,2
,3
,36
,1
,2
,36
,2
,7
,19
,2
,12
,3
,4
,2
,3
,4
,7
,2
,2
,24
,24
,3
,3
,5
,14
,50
,3
,24
,1
,29
,1
,2
,5
,12
,1
,3
,4
,2
,5
,3
,1
,4
,2
,3
,24
,2
,8
,6
,12
,10
,3
,1
,12
,3
,4
,36
,1
,1
,5
,2
,84
,2
,2
,1
,2
,12
,2
,2
,3
,36
,12
,12
,1
,1
,3
,3
,3
,7
,2
,72
,6
,2
,24
,12
,2
,2
,60
,10
,19
,36
,1
,1
,96
,29
,3
,6
,18
,31
,1
,2
,12
,3
,1
,2
,1
,2
,1
,3
,60
,11
,6
,48
,1
,3
,17
,24
,2
,5
,1
,1
,7
,3
,3
,6
,41
,36
,1
,48
,2
,5
,2
,3
,12
,1
,24
,9
,3
,2
,1
,2
,2
,3
,0
,12
,12
,2
,3
,2
,12
,2
,24
,1
,3
,3
,2
,2
,1
,3
,8
,4
,1
,4
,2
,2
,4
,2
,2
,11
,2
,2
,24
,1
,4
,2
,4
,6
,1
,2
,1
,6
,1
,3
,3
,3
,18
,2
,3
,36
,1
,4
,3
,3
,12
,3
,60
,2
,3
,4
,2
,51
,9
,1
,1
,12
,84
,2
,4
,3
,2
,2
,12
,1
,36
,3
,2
,12
,2
,4
,3
,1
,15
,12
,3
,3
,2
,6
,2
,36
,12
,1
,1
,2
,1
,2
,1
,3
,120
,2
,2
,24
,3
,11
,3
,1
,2
,6
,4
,2
,2
,3
,2
,2
,6
,2
,48
,12
,3
,4
,36
,36
,2
,1
,1
,15
,1
,12
,2
,2
,8
,11
,2
,4
,1
,9
,1
,2
,0
,84
,6
,2
,6
,4
,2
,2
,8
,3
,36
,24
,6
,24
,2
,12
,2
,6
,48
,3
,4
,1
,3
,2
,1
,2
,4
,65
,2
,4
,6
,1
,3
,34
,2
,12
,24
,17
,14
,2
,3
,36
,5
,2
,1
,2
,2
,2
,36
,84
,1
,2
,2
,1
,12
,1
,5
,3
,2
,21
,8
,2
,12
,2
,9
,8
,3
,60
,4
,60
,2
,1
,2
,2
,36
,12
,2
,24
,4
,2
,2
,4
,6
,3
,60
,8
,1
,2
,12
,24
,12
,96
,3
,1
,41
,12
,2
,2
,3
,8
,12
,2
,2
,1
,3
,1
,4
,18
,1
,3
,4
,3
,5
,3
,1
,132
,3
,6
,36
,6
,2
,4
,2
,1
,135
,0
,27
,3
,3
,12
,12
,16
,6
,2
,2
,2
,24
,2
,3
,5
,3
,2
,5
,2
,2
,72
,2
,12
,3
,2
,2
,1
,1
,6
,2
,96
,36
,3
,3
,1
,3
,5
,2
,2
,2
,12
,3
,11
,2
,1
,1
,3
,3
,3
,3
,12
,5
,3
,2
,48
,1
,3
,1
,24
,3
,2
,2
,8
,5
,6
,39
,12
,4
,1
,4
,1
,2
,7
,18
,12
,6
,1
,2
,15
,1
,3
,3
,3
,3
,1
,13
,2
,2
,2
,2
,5
,5
,2
,3
,2
,2
,1
,5
,3
,2
,12
,8
,2
,6
,12
,3
,3
,3
,2
,2
,12
,1
,1
,1
,36
,1
,1
,2
,3
,2
,4
,3
,10
,10
,2
,2
,3
,1
,5
,5
,4
,1
,12
,2
,2
,3
,4
,1
,9
,2
,4
,48
,2
,8
,8
,1
,2
,2
,2
,6
,12
,3
,4
,4
,36
,1
,12
,2
,5
,1
,6
,2
,0
,36
,5
,6
,3
,2
,12
,1
,2
,2
,3
,2
,1
,2
,60
,2
,2
,3
,4
,1
,1
,2
,24
,5
,2
,2
,6
,10
,36
,2
,2
,2
,1
,36
,2
,1
,5
,24
,60
,8
,2
,12
,48
,2
,2
,12
,3
,5
,8
,2
,1
,12
,4
,2
,2
,2
,1
,9
,2
,1
,6
,1
,2
,36
,24
,12
,1
,4
,1
,12
,55
,24
,2
,6
,2
,2
,3
,4
,2
,31
,5
,12
,1
,24
,12
,1
,12
,4
,72
,12
,2
,36
,36
,6
,18
,4
,2
,12
,2
,1
,96
,36
,1
,4
,2
,72
,2
,16
,6
,12
,2
,2
,2
,3
,2
,2
,1
,2
,1
,36
,72
,9
,1
,2
,24
,2
,3
,5
,1
,1
,5
,1
,6
,0
,4
,4
,2
,0
,10
,12
,48
,24
,1
,36
,52
,36
,6
,2
,3
,2
,23
,1
,36
,2
,1
,1
,54
,4
,1
,4
,1
,2
,48
,8
,2
,12
,4
,3
,1
,12
,14
,2
,1
,2
,2
,1
,4
,9
,6
,12
,8
,3
,4
,2
,4
,6
,7
,2
,3
,2
,4
,10
,7
,2
,12
,12
,12
,12
,2
,3
,7
,3
,1
,1
,1
,4
,1
,24
,7
,2
,2
,0
,1
,2
,4
,2
,14
,24
,42
,2
,6
,15
,1
,4
,42
,1
,6
,36
,1
,1
,1
,2
,6
,120
,2
,2
,3
,10
,4
,1
,12
,2
,2
,1
,18
,3
,18
,72
,0
,3
,5
,18
,5
,3
,1
,1
,2
,4
,3
,4
,1
,24
,4
,4
,5
,10
,24
,17
,2
,2
,72
,36
,3
,21
,12
,3
,2
,5
,2
,1
,4
,5
,4
,1
,1
,6
,1
,15
,5
,2
,3
,2
,1
,2
,11
,24
,2
,2
,6
,2
,12
,2
,4
,2
,18
,3
,1
,12
,3
,5
,3
,2
,36
,1
,12
,1
,24
,1
,24
,4
,24
,3
,1
,1
,3
,4
,48
,36
,4
,4
,2
,5
,3
,3
,2
,2
,2
,2
,2
,2
,1
,2
,1
,1
,6
,3
,12
,24
,5
,3
,4
,4
,6
,1
,42
,1
,3
,3
,19
,36
,1
,2
,2
,0
,2
,19
,15
,3
,24
,24
,6
,0
,1
,2
,2
,3
,1
,2
,20
,5
,3
,2
,9
,1
,8
,4
,12
,24
,24
,2
,1
,2
,3
,4
,3
,1
,12
,12
,3
,2
,4
,2
,2
,1
,24
,2
,2
,3
,1
,3
,2
,12
,72
,24
,3
,3
,4
,1
,2
,1
,5
,3
,15
,1
,24
,5
,12
,3
,2
,2
,2
,36
,30
,36
,3
,48
,5
,36
,2
,3
,3
,72
,1
,2
,6
,2
,1
,14
,2
,4
,18
,36
,6
,2
,2
,12
,6
,2
,1
,1
,12
,3
,1
,60
,1
,8
,12
,132
,6
,0
,1
,2
,3
,3
,3
,4
,2
,60
,60
,10
,2
,3
,4
,5
,4
,2
,4
,3
,6
,72
,2
,1
,5
,72
,1
,2
,24
,11
,18
,18
,3
,3
,72
,84
,3
,2
,2
,48
,1
,2
,7
,1
,4
,0
,2
,2
,1
,12
,17
,3
,14
,37
,8
,3
,2
,8
,19
,52
,2
,1
,1
,1
,3
,3
,2
,60
,2
,2
,3
,6
,7
,60
,1
,17
,1
,7
,3
,3
,2
,1
,3
,2
,10
,5
,0
,2
,12
,54
,12
,2
,1
,2
,3
,2
,18
,12
,2
,5
,1
,36
,3
,6
,3
,1
,2
,2
,5
,4
,0
,36
,5
,1
,7
,3
,3
,1
,36
,4
,1
,24
,2
,12
,1
,3
,48
,2
,36
,3
,2
,3
,15
,4
,3
,11
,24
,1
,25
,6
,9
,2
,12
,4
,1
,36
,24
,3
,2
,1
,4
,12
,8
,3
,5
,2
,2
,1
,2
,12
,1
,5
,1
,2
,12
,1
,3
,6
,24
,36
,3
,18
,0
,2
,12
,4
,1
,2
,5
,2
,2
,1
,3
,14
,4
,12
,6
,15
,18
,3
,6
,36
,2
,1
,1
,12
,1
,48
,1
,2
,8
,1
,3
,4
,1
,8
,12
,1
,1
,2
,2
,3
,3
,1
,2
,36
,1
,2
,11
,2
,36
,36
,2
,2
,2
,6
,8
,36
,10
,1
,1
,36
,5
,4
,10
,1
,48
,10
,1
,1
,18
,8
,6
,2
,5
,3
,2
,2
,2
,9
,0
,48
,36
,5
,3
,1
,4
,48
,60
,6
,84
,1
,1
,2
,12
,3
,24
,1
,3
,108
,2
,5
,2
,2
,2
,1
,24
,2
,12
,12
,6
,5
,24
,12
,6
,2
,24
,24
,1
,2
,2
,17
,3
,2
,15
,5
,3
,2
,1
,12
,0
,4
,2
,1
,1
,2
,60
,2
,3
,3
,1
,9
,2
,60
,2
,1
,2
,4
,2
,5
,1
,4
,24
,5
,2
,3
,1
,10
,2
,14
,5
,5
,120
,9
,41
,1
,2
,2
,12
,1
,2
,1
,0
,6
,5
,3
,1
,2
,2
,5
,9
,39
,2
,24
,5
,2
,1
,1
,36
,76
,24
,2
,3
,24
,3
,36
,2
,18
,1
,4
,10
,42
,6
,84
,2
,4
,12
,18
,36
,3
,2
,1
,15
,36
,12
,2
,3
,1
,1
,2
,1
,2
,2
,5
,2
,3
,12
,3
,5
,16
,2
,24
,3
,6
,3
,3
,1
,2
,12
,2
,5
,1
,5
,2
,5
,6
,2
,2
,1
,2
,1
,8
,24
,1
,1
,1
,14
,3
,3
,14
,1
,1
,2
,2
,81
,24
,3
,8
,2
,12
,4
,18
,5
,1
,2
,2
,2
,1
,2
,1
,5
,12
,1
,3
,4
,8
,2
,2
,1
,3
,2
,24
,1
,2
,1
,3
,2
,5
,3
,2
,72
,3
,0
,4
,1
,6
,5
,60
,24
,1
,2
,5
,3
,2
,2
,24
,3
,2
,2
,4
,1
,48
,5
,21
,2
,39
,2
,1
,9
,2
,2
,16
,2
,36
,12
,5
,4
,48
,24
,1
,6
,2
,2
,1
,84
,1
,1
,1
,24
,2
,12
,1
,6
,12
,24
,1
,1
,3
,5
,1
,9
,1
,2
,4
,60
,12
,1
,1
,3
,4
,84
,4
,96
,1
,24
,1
,5
,5
,1
,2
,96
,6
,24
,2
,12
,1
,36
,3
,2
,6
,4
,15
,8
,2
,2
,1
,3
,48
,5
,3
,1
,2
,1
,2
,17
,17
,3
,12
,72
,36
,84
,1
,2
,1
,4
,3
,3
,3
,1
,8
,1
,3
,1
,12
,1
,12
,18
,5
,3
,2
,2
,1
,1
,36
,12
,24
,3
,1
,2
,6
,7
,1
,2
,3
,11
,2
,1
,4
,1
,1
,6
,2
,1
,2
,12
,24
,2
,5
,1
,14
,2
,2
,7
,0
,5
,6
,3
,3
,12
,1
,2
,2
,1
,2
,21
,1
,2
,36
,2
,52
,2
,2
,18
,4
,1
,3
,60
,4
,3
,36
,12
,3
,17
,1
,3
,2
,48
,2
,5
,4
,4
,24
,4
,31
,4
,54
,7
,2
,4
,2
,36
,8
,36
,14
,31
,2
,17
,46
,2
,2
,3
,2
,1
,1
,2
,17
,7
,120
,1
,36
,9
,2
,5
,50
,16
,1
,3
,24
,48
,2
,6
,2
,2
,2
,9
,6
,0
,2
,4
,11
,3
,3
,3
,4
,10
,1
,48
,4
,10
,2
,5
,5
,26
,15
,8
,7
,1
,2
,3
,4
,8
,72
,24
,96
,12
,3
,7
,1
,1
,14
,6
,2
,5
,24
,5
,12
,13
,2
,3
,48
,2
,7
,2
,24
,2
,3
,48
,36
,4
,4
,5
,2
,24
,7
,36
,26
,3
,3
,36
,1
,16
,13
,1
,4
,3
,6
,3
,8
,12
,6
,48
,2
,3
,2
,6
,12
,36
,2
,24
,84
,4
,4
,1
,8
,2
,2
,24
,6
,12
,2
,18
,48
,2
,6
,8
,15
,5
,2
,48
,24
,1
,2
,3
,2
,2
,15
,1
,12
,42
,1
,36
,2
,1
,4
,2
,4
,12
,3
,3
,12
,2
,4
,24
,1
,10
,22
,26
,2
,3
,1
,1
,18
,12
,1
,1
,5
,12
,12
,7
,25
,1
,1
,3
,3
,24
,12
,84
,2
,2
,8
,5
,3
,4
,2
,10
,48
,2
,48
,2
,24
,4
,2
,2
,4
,2
,2
,60
,36
,2
,1
,4
,3
,1
,1
,24
,6
,3
,2
,6
,4
,3
,2
,14
,7
,1
,24
,2
,38
,5
,2
,2
,2
,1
,2
,8
,1
,1
,1
,2
,8
,2
,3
,1
,2
,8
,3
,2
,1
,2
,7
,1
,2
,18
,6
,5
,1
,2
,2
,31
,3
,2
,3
,12
,48
,14
,3
,4
,5
,4
,1
,4
,2
,2
,3
,1
,12
,2
,0
,48
,2
,2
,3
,2
,36
,7
,3
,60
,1
,2
,60
,4
,2
,12
,2
,4
,1
,3
,24
,12
,48
,3
,2
,2
,12
,1
,3
,8
,3
,5
,38
,2
,12
,1
,1
,2
,14
,2
,4
,3
,1
,1
,3
,2
,9
,6
,2
,60
,1
,1
,6
,2
,5
,1
,4
,2
,2
,36
,4
,4
,4
,1
,4
,1
,2
,2
,2
,4
,3
,6
,42
,3
,11
,48
,3
,2
,24
,4
,2
,3
,6
,5
,15
,4
,2
,2
,2
,12
,2
,12
,2
,4
,8
,6
,5
,3
,2
,24
,12
,14
,27
,13
,1
,24
,1
,1
,2
,2
,2
,0
,24
,2
,24
,2
,4
,1
,2
,84
,3
,4
,2
,2
,6
,2
,36
,3
,3
,1
,24
,12
,2
,3
,2
,36
,12
,29
,29
,6
,24
,4
,3
,6
,17
,2
,24
,2
,0
,24
,1
,3
,2
,2
,5
,2
,13
,2
,1
,2
,2
,1
,7
,3
,1
,3
,6
,9
,36
,3
,1
,1
,6
,8
,8
,1
,1
,6
,48
,1
,2
,12
,4
,84
,6
,3
,2
,1
,1
,8
,1
,5
,4
,2
,84
,12
,3
,48
,4
,6
,12
,18
,7
,4
,60
,9
,4
,12
,2
,4
,3
,5
,24
,2
,12
,12
,24
,3
,6
,3
,12
,24
,17
,1
,5
,8
,3
,6
,2
,108
,48
,60
,12
,1
,1
,72
,6
,1
,2
,5
,7
,1
,1
,6
,2
,84
,4
,2
,4
,12
,2
,2
,1
,3
,5
,24
,3
,1
,2
,2
,2
,2
,3
,26
,18
,3
,1
,1
,3
,2
,12
,24
,48
,4
,4
,5
,2
,69
,7
,2
,48
,0
,2
,2
,4
,24
,4
,12
,6
,36
,1
,7
,36
,36
,55
,2
,72
,2
,3
,5
,72
,2
,2
,1
,5
,2
,5
,1
,2
,7
,2
,2
,36
,4
,2
,7
,3
,2
,72
,2
,1
,1
,5
,3
,14
,10
,10
,12
,3
,6
,3
,2
,24
,8
,24
,1
,2
,24
,36
,2
,3
,3
,1
,3
,4
,12
,2
,12
,2
,11
,2
,5
,1
,3
,1
,24
,7
,8
,9
,2
,72
,12
,12
,2
,12
,1
,36
,3
,8
,1
,2
,12
,1
,3
,2
,2
,3
,1
,6
,2
,3
,2
,4
,48
,5
,18
,4
,2
,2
,1
,3
,2
,1
,60
,1
,1
,24
,6
,2
,1
,2
,1
,3
,48
,5
,60
,24
,3
,4
,3
,12
,2
,72
,6
,12
,10
,9
,1
,5
,2
,2
,8
,12
,2
,37
,3
,1
,4
,2
,12
,1
,2
,3
,10
,15
,2
,3
,3
,1
,1
,2
,3
,4
,3
,1
,4
,1
,3
,3
,2
,6
,3
,6
,12
,1
,2
,3
,2
,8
,12
,7
,31
,2
,9
,48
,3
,48
,2
,3
,1
,2
,18
,1
,2
,4
,2
,132
,84
,3
,4
,6
,18
,24
,6
,4
,2
,4
,3
,12
,1
,12
,3
,24
,0
,96
,24
,9
,2
,24
,3
,3
,2
,7
,2
,2
,3
,8
,1
,12
,36
,1
,42
,2
,1
,2
,2
,24
,8
,8
,3
,4
,1
,10
,5
,3
,2
,30
,1
,3
,5
,3
,7
,36
,16
,2
,8
,15
,3
,2
,4
,1
,12
,4
,212
,12
,1
,24
,2
,2
,2
,60
,72
,4
,2
,84
,2
,2
,2
,6
,1
,16
,24
,4
,3
,6
,18
,4
,60
,0
,48
,36
,3
,3
,2
,12
,1
,2
,1
,2
,3
,2
,36
,2
,2
,2
,2
,3
,4
,6
,3
,12
,60
,2
,1
,22
,2
,4
,4
,8
,3
,3
,1
,4
,3
,3
,18
,8
,4
,2
,1
,12
,18
,24
,3
,36
,4
,120
,5
,24
,2
,3
,4
,4
,3
,6
,36
,3
,60
,2
,5
,1
,60
,2
,24
,3
,1
,2
,24
,9
,2
,3
,1
,2
,3
,2
,1
,1
,48
,4
,2
,1
,2
,6
,4
,1
,3
,3
,4
,4
,2
,3
,2
,2
,1
,14
,8
,24
,4
,3
,4
,2
,1
,3
,2
,0
,2
,9
,2
,5
,6
,3
,11
,2
,1
,12
,3
,3
,3
,17
,1
,12
,2
,3
,6
,2
,2
,8
,12
,3
,3
,20
,6
,1
,1
,2
,3
,1
,2
,7
,2
,3
,3
,12
,2
,3
,1
,2
,3
,2
,1
,2
,1
,2
,2
,2
,4
,1
,2
,2
,8
,3
,3
,2
,3
,2
,72
,2
,2
,24
,6
,2
,12
,24
,3
,33
,30
,1
,3
,12
,3
,8
,84
,4
,2
,12
,5
,60
,42
,0
,1
,4
,48
,20
,84
,84
,1
,72
,7
,5
,3
,60
,1
,2
,2
,3
,2
,2
,3
,1
,0
,2
,2
,4
,1
,48
,24
,2
,3
,5
,1
,0
,12
,2
,3
,9
,3
,3
,4
,3
,24
,2
,24
,6
,60
,8
,5
,4
,10
,3
,3
,3
,3
,5
,2
,8
,24
,4
,3
,5
,2
,24
,3
,1
,1
,5
,7
,6
,2
,1
,1
,3
,1
,3
,2
,3
,7
,12
,2
,3
,2
,6
,1
,5
,75
,2
,6
,2
,2
,12
,2
,84
,4
,24
,3
,3
,2
,2
,2
,4
,36
,2
,1
,24
,4
,2
,36
,24
,2
,10
,1
,5
,1
,12
,4
,2
,2
,30
,3
,4
,24
,4
,2
,7
,12
,3
,12
,12
,2
,2
,108
,12
,3
,5
,6
,1
,1
,3
,7
,8
,4
,2
,3
,4
,7
,2
,1
,2
,1
,6
,16
,1
,2
,1
,1
,95
,16
,1
,1
,18
,36
,5
,0
,2
,3
,2
,24
,2
,2
,3
,1
,3
,5
,5
,1
,3
,12
,1
,7
,2
,8
,1
,3
,1
,2
,4
,6
,2
,12
,12
,2
,11
,3
,12
,2
,48
,18
,12
,3
,2
,5
,9
,13
,12
,2
,1
,2
,7
,7
,48
,15
,2
,6
,36
,2
,1
,6
,4
,48
,2
,12
,7
,29
,1
,30
,3
,20
,11
,1
,3
,4
,24
,72
,3
,12
,2
,2
,5
,5
,0
,3
,2
,120
,2
,2
,8
,3
,12
,3
,2
,10
,3
,1
,2
,36
,1
,2
,15
,6
,1
,36
,0
,4
,24
,2
,1
,36
,1
,1
,3
,24
,1
,1
,60
,1
,2
,1
,1
,48
,2
,0
,12
,7
,3
,16
,3
,2
,5
,42
,3
,3
,3
,1
,23
,2
,12
,2
,2
,3
,31
,1
,3
,1
,2
,2
,1
,24
,13
,108
,2
,5
,12
,6
,2
,3
,2
,3
,1
,24
,3
,60
,1
,2
,12
,3
,36
,12
,49
,3
,2
,3
,2
,7
,3
,3
,4
,6
,4
,3
,2
,1
,12
,53
,2
,12
,24
,8
,2
,2
,5
,1
,2
,1
,24
,12
,48
,4
,1
,24
,1
,1
,2
,1
,4
,11
,4
,8
,5
,3
,2
,6
,2
,2
,2
,2
,2
,24
,1
,2
,84
,1
,1
,12
,3
,6
,4
,6
,12
,60
,12
,1
,2
,21
,12
,3
,3
,4
,2
,3
,2
,54
,1
,1
,108
,2
,5
,1
,3
,2
,3
,4
,6
,1
,2
,12
,6
,6
,3
,3
,2
,1
,2
,4
,3
,5
,1
,6
,6
,36
,12
,2
,80
,2
,13
,24
,8
,48
,2
,2
,6
,1
,20
,60
,2
,1
,1
,2
,1
,2
,2
,3
,2
,5
,2
,2
,2
,3
,2
,2
,2
,3
,3
,5
,3
,6
,2
,9
,1
,12
,12
,2
,5
,48
,3
,6
,1
,4
,1
,2
,1
,24
,4
,3
,15
,1
,2
,4
,2
,4
,2
,12
,22
,12
,12
,9
,12
,1
,1
,11
,2
,2
,18
,0
,36
,2
,2
,3
,3
,3
,2
,63
,2
,84
,2
,2
,24
,2
,12
,1
,4
,1
,2
,6
,2
,1
,1
,2
,3
,12
,1
,12
,4
,12
,12
,3
,36
,2
,4
,2
,1
,29
,2
,1
,5
,36
,65
,14
,1
,1
,1
,2
,36
,12
,1
,2
,3
,6
,96
,2
,3
,2
,1
,17
,3
,1
,12
,6
,1
,6
,1
,2
,1
,3
,4
,2
,7
,2
,1
,6
,24
,8
,5
,120
,2
,4
,2
,3
,2
,2
,1
,2
,2
,3
,1
,5
,24
,18
,2
,3
,3
,1
,15
,8
,60
,96
,12
,3
,5
,2
,2
,2
,5
,0
,3
,12
,17
,2
,9
,1
,4
,3
,3
,1
,5
,3
,2
,4
,2
,2
,2
,7
,12
,1
,14
,2
,4
,2
,18
,2
,3
,15
,4
,27
,2
,19
,1
,12
,1
,8
,24
,1
,3
,1
,36
,12
,7
,3
,24
,3
,36
,7
,2
,5
,2
,2
,5
,60
,3
,24
,2
,3
,3
,4
,3
,12
,2
,2
,3
,24
,2
,2
,7
,1
,12
,3
,0
,12
,2
,24
,3
,2
,3
,18
,2
,2
,3
,2
,2
,2
,1
,2
,18
,2
,2
,24
,3
,36
,3
,2
,60
,4
,12
,5
,1
,3
,11
,2
,2
,1
,4
,12
,2
,10
,5
,2
,2
,1
,2
,3
,3
,2
,1
,6
,4
,12
,4
,5
,4
,16
,2
,2
,2
,4
,4
,2
,30
,4
,9
,2
,24
,3
,2
,24
,2
,2
,9
,12
,36
,1
,1
,6
,48
,3
,1
,2
,1
,2
,2
,12
,18
,5
,0
,24
,8
,2
,2
,12
,5
,1
,1
,3
,2
,7
,2
,12
,2
,8
,72
,6
,5
,24
,24
,1
,108
,4
,18
,4
,5
,24
,2
,2
,2
,3
,4
,12
,24
,27
,2
,15
,2
,0
,24
,24
,3
,1
,2
,2
,3
,7
,24
,61
,1
,3
,5
,6
,6
,2
,8
,6
,1
,1
,1
,1
,2
,3
,2
,10
,24
,3
,12
,1
,2
,2
,1
,4
,4
,10
,36
,2
,2
,1
,2
,53
,120
,12
,2
,24
,2
,17
,2
,24
,3
,36
,1
,12
,36
,48
,2
,3
,4
,1
,12
,2
,2
,3
,3
,2
,2
,12
,2
,2
,2
,12
,3
,1
,10
,6
,17
,2
,4
,2
,4
,1
,84
,3
,7
,1
,1
,1
,3
,4
,6
,0
,1
,2
,5
,20
,3
,3
,17
,1
,24
,12
,1
,6
,2
,72
,24
,2
,2
,2
,4
,2
,1
,2
,12
,6
,8
,3
,3
,4
,18
,2
,1
,3
,2
,1
,2
,8
,3
,11
,6
,2
,1
,2
,12
,255
,1
,4
,4
,3
,2
,1
,1
,1
,6
,2
,4
,36
,5
,3
,53
,49
,4
,3
,18
,1
,2
,10
,3
,2
,48
,3
,1
,2
,2
,7
,48
,3
,36
,12
,2
,9
,36
,2
,60
,2
,12
,6
,4
,12
,2
,12
,1
,12
,1
,6
,1
,17
,4
,1
,4
,2
,2
,1
,36
,2
,24
,4
,3
,84
,3
,5
,5
,2
,24
,6
,1
,12
,6
,1
,1
,3
,4
,24
,2
,12
,24
,5
,12
,1
,2
,2
,60
,2
,9
,2
,3
,8
,4
,12
,15
,2
,20
,8
,3
,3
,3
,4
,12
,24
,4
,2
,2
,48
,1
,2
,4
,2
,2
,4
,1
,1
,12
,2
,24
,0
,3
,6
,0
,2
,3
,2
,6
,4
,36
,5
,2
,5
,2
,14
,18
,2
,1
,1
,2
,2
,1
,1
,2
,5
,1
,30
,1
,2
,1
,6
,6
,48
,8
,2
,3
,8
,18
,3
,2
,12
,2
,8
,2
,6
,3
,7
,3
,15
,30
,24
,12
,7
,2
,1
,72
,4
,3
,5
,12
,24
,17
,3
,2
,18
,3
,4
,8
,2
,1
,2
,12
,2
,2
,2
,8
,2
,12
,2
,4
,48
,2
,11
,1
,24
,2
,5
,4
,2
,6
,4
,1
,3
,5
,9
,7
,4
,3
,11
,1
,1
,12
,2
,3
,9
,6
,13
,5
,62
,2
,12
,12
,1
,3
,5
,2
,4
,2
,24
,36
,3
,3
,29
,6
,24
,4
,3
,24
,12
,2
,1
,2
,5
,4
,4
,1
,2
,4
,1
,3
,2
,1
,1
,2
,1
,24
,4
,4
,5
,3
,3
,3
,10
,2
,11
,2
,60
,12
,6
,18
,2
,48
,4
,1
,3
,5
,3
,20
,1
,3
,3
,36
,4
,2
,4
,24
,20
,1
,1
,30
,5
,13
,2
,2
,2
,48
,1
,48
,1
,4
,2
,36
,4
,1
,1
,3
,1
,8
,3
,24
,60
,10
,4
,2
,8
,108
,3
,4
,6
,96
,2
,2
,4
,7
,2
,3
,2
,2
,5
,4
,72
,2
,4
,2
,4
,12
,4
,6
,1
,17
,3
,2
,6
,60
,4
,50
,2
,4
,2
,3
,1
,3
,12
,48
,1
,2
,12
,8
,4
,3
,3
,3
,4
,5
,2
,108
,2
,3
,1
,49
,36
,3
,12
,84
,36
,12
,12
,36
,37
,6
,3
,1
,24
,12
,3
,8
,1
,2
,60
,3
,9
,1
,1
,10
,1
,1
,1
,13
,1
,120
,2
,1
,4
,1
,20
,42
,1
,0
,9
,20
,24
,42
,2
,2
,3
,1
,4
,8
,3
,12
,3
,4
,24
,108
,7
,12
,2
,60
,2
,1
,1
,2
,96
,3
,2
,17
,48
,18
,4
,4
,60
,72
,3
,4
,17
,2
,24
,89
,12
,1
,3
,24
,12
,3
,84
,2
,3
,1
,42
,3
,2
,2
,24
,12
,62
,24
,2
,4
,1
,36
,2
,2
,24
,36
,12
,1
,7
,9
,21
,4
,24
,60
,2
,5
,1
,24
,2
,11
,4
,3
,1
,3
,36
,1
,2
,18
,3
,1
,2
,2
,24
,36
,6
,72
,2
,2
,2
,3
,2
,2
,2
,1
,24
,1
,12
,3
,2
,11
,10
,4
,3
,1
,4
,9
,6
,9
,2
,1
,11
,2
,5
,6
,12
,2
,3
,48
,4
,24
,1
,12
,3
,9
,15
,36
,1
,1
,2
,12
,3
,3
,7
,24
,12
,6
,96
,48
,24
,8
,12
,29
,9
,2
,6
,6
,1
,24
,2
,1
,3
,4
,60
,11
,2
,1
,2
,4
,24
,2
,2
,3
,2
,3
,5
,84
,2
,3
,1
,3
,2
,5
,1
,2
,2
,3
,60
,1
,2
,14
,24
,24
,2
,2
,96
,36
,30
,22
,9
,2
,1
,84
,2
,30
,24
,3
,3
,3
,1
,2
,14
,24
,3
,2
,3
,8
,18
,2
,1
,8
,9
,1
,17
,12
,15
,3
,3
,2
,5
,1
,1
,7
,4
,36
,5
,15
,2
,2
,2
,8
,2
,3
,36
,3
,14
,24
,5
,84
,48
,4
,3
,3
,3
,3
,0
,2
,1
,32
,1
,2
,12
,24
,1
,24
,2
,36
,2
,48
,2
,2
,3
,9
,2
,3
,4
,4
,8
,1
,12
,2
,18
,12
,3
,3
,2
,12
,5
,1
,24
,2
,2
,1
,2
,2
,3
,0
,10
,4
,2
,2
,2
,4
,3
,84
,8
,60
,2
,1
,2
,91
,1
,3
,4
,24
,3
,2
,3
,12
,2
,12
,60
,1
,60
,4
,84
,3
,12
,2
,2
,3
,1
,1
,8
,2
,1
,24
,2
,1
,3
,1
,12
,60
,2
,3
,1
,2
,3
,6
,1
,2
,37
,4
,3
,4
,12
,15
,6
,12
,2
,1
,4
,3
,6
,7
,24
,4
,5
,24
,6
,2
,5
,84
,27
,6
,34
,24
,1
,2
,2
,2
,24
,4
,41
,36
,36
,2
,3
,4
,2
,1
,4
,0
,4
,4
,2
,16
,2
,8
,35
,3
,2
,48
,2
,12
,7
,1
,72
,12
,1
,36
,4
,1
,7
,2
,12
,2
,3
,4
,3
,1
,8
,6
,12
,1
,9
,24
,2
,2
,4
,48
,2
,6
,4
,2
,6
,72
,48
,84
,4
,2
,3
,2
,2
,3
,1
,2
,1
,1
,24
,1
,5
,3
,2
,1
,2
,6
,3
,1
,2
,3
,2
,3
,2
,3
,15
,30
,84
,3
,2
,3
,6
,24
,1
,2
,3
,1
,27
,24
,2
,3
,2
,4
,3
,24
,2
,2
,24
,1
,3
,12
,3
,3
,2
,60
,3
,5
,6
,3
,1
,2
,2
,6
,1
,3
,2
,3
,36
,6
,1
,5
,10
,2
,3
,2
,2
,6
,7
,4
,2
,4
,1
,24
,11
,2
,12
,2
,24
,3
,13
,2
,2
,7
,16
,2
,48
,14
,1
,1
,2
,3
,2
,4
,2
,2
,16
,12
,8
,24
,1
,1
,2
,12
,3
,3
,0
,1
,5
,2
,4
,6
,1
,3
,3
,2
,12
,2
,1
,0
,3
,14
,1
,3
,2
,3
,6
,2
,4
,1
,24
,48
,3
,1
,2
,5
,2
,4
,2
,5
,22
,2
,4
,11
,60
,7
,2
,24
,1
,1
,24
,7
,2
,12
,24
,6
,3
,2
,1
,2
,2
,3
,2
,2
,2
,1
,2
,2
,15
,25
,1
,1
,4
,12
,1
,2
,24
,4
,2
,2
,1
,0
,1
,5
,96
,2
,1
,6
,2
,3
,2
,6
,2
,2
,24
,36
,3
,72
,1
,7
,0
,1
,12
,24
,3
,5
,3
,3
,1
,1
,1
,2
,5
,1
,1
,5
,5
,8
,6
,12
,5
,12
,2
,2
,3
,17
,1
,10
,8
,10
,3
,2
,2
,4
,6
,20
,4
,24
,117
,5
,2
,2
,24
,2
,1
,6
,2
,4
,2
,4
,2
,3
,4
,2
,24
,12
,1
,2
,10
,1
,3
,2
,3
,1
,1
,3
,2
,3
,4
,2
,1
,2
,2
,4
,9
,24
,10
,1
,18
,20
,3
,2
,6
,0
,14
,2
,1
,2
,16
,24
,12
,1
,2
,5
,4
,1
,3
,24
,24
,2
,3
,4
,12
,4
,2
,4
,24
,1
,1
,6
,2
,2
,1
,3
,2
,1
,1
,1
,24
,8
,36
,3
,2
,4
,84
,2
,60
,1
,5
,42
,5
,84
,72
,1
,1
,48
,18
,3
,5
,2
,6
,24
,2
,5
,48
,4
,9
,4
,2
,1
,2
,3
,0
,2
,4
,4
,1
,2
,73
,7
,29
,12
,24
,4
,24
,96
,5
,1
,3
,6
,3
,36
,1
,7
,4
,8
,7
,7
,1
,1
,5
,2
,3
,2
,3
,8
,24
,5
,24
,12
,18
,3
,1
,1
,1
,3
,1
,28
,48
,3
,3
,2
,3
,4
,5
,1
,8
,6
,7
,2
,2
,12
,3
,2
,2
,1
,24
,2
,1
,24
,7
,6
,5
,3
,1
,24
,1
,1
,0
,1
,3
,2
,2
,48
,3
,1
,2
,12
,3
,4
,3
,2
,3
,2
,2
,24
,3
,24
,1
,3
,4
,2
,3
,15
,1
,1
,1
,1
,3
,1
,1
,3
,2
,4
,5
,2
,1
,12
,1
,24
,2
,1
,12
,54
,3
,24
,15
,1
,36
,8
,1
,2
,1
,24
,2
,5
,3
,1
,5
,12
,1
,5
,27
,2
,1
,1
,24
,36
,2
,2
,2
,3
,5
,2
,24
,6
,3
,2
,36
,4
,12
,2
,1
,1
,24
,1
,24
,5
,6
,0
,1
,2
,3
,1
,3
,3
,2
,2
,14
,4
,2
,2
,2
,11
,6
,10
,12
,3
,18
,30
,28
,4
,1
,122
,6
,2
,1
,84
,1
,2
,12
,5
,2
,12
,7
,2
,1
,2
,48
,2
,2
,1
,12
,1
,4
,4
,2
,1
,2
,2
,1
,2
,12
,2
,5
,1
,1
,10
,2
,3
,1
,24
,6
,18
,2
,7
,1
,12
,2
,3
,2
,3
,120
,5
,2
,4
,1
,2
,9
,1
,2
,50
,1
,2
,8
,5
,3
,2
,2
,24
,36
,2
,4
,2
,2
,2
,4
,4
,48
,2
,2
,4
,1
,1
,1
,6
,1
,24
,2
,1
,24
,3
,4
,6
,2
,5
,12
,11
,1
,10
,123
,2
,7
,3
,1
,2
,5
,4
,2
,3
,36
,3
,36
,3
,12
,2
,5
,4
,2
,2
,6
,3
,5
,5
,10
,6
,2
,3
,3
,3
,1
,3
,2
,1
,19
,6
,3
,4
,1
,2
,18
,2
,1
,12
,9
,2
,30
,12
,2
,3
,11
,2
,1
,6
,9
,1
,132
,55
,3
,24
,1
,9
,3
,7
,24
,2
,3
,2
,1
,36
,11
,4
,5
,5
,4
,2
,9
,3
,1
,2
,3
,2
,20
,1
,3
,3
,4
,6
,3
,24
,2
,3
,4
,2
,2
,18
,1
,1
,2
,3
,2
,3
,2
,3
,1
,7
,20
,36
,1
,3
,2
,2
,2
,0
,2
,1
,18
,12
,7
,5
,1
,4
,3
,2
,1
,6
,3
,62
,1
,12
,54
,12
,36
,1
,2
,6
,0
,24
,12
,2
,3
,4
,56
,2
,1
,2
,2
,24
,2
,24
,4
,3
,36
,4
,22
,8
,24
,2
,1
,6
,8
,1
,2
,3
,30
,5
,11
,3
,1
,2
,2
,12
,1
,36
,2
,2
,3
,5
,2
,9
,48
,2
,5
,5
,12
,4
,36
,1
,2
,3
,1
,2
,1
,2
,3
,9
,4
,2
,1
,3
,3
,2
,84
,4
,5
,15
,6
,60
,10
,6
,2
,36
,2
,12
,24
,72
,24
,4
,64
,2
,12
,60
,2
,10
,12
,4
,4
,3
,108
,1
,3
,3
,3
,3
,24
,6
,4
,24
,4
,1
,2
,3
,36
,1
,0
,72
,9
,8
,5
,3
,8
,36
,1
,30
,4
,2
,1
,6
,1
,1
,1
,12
,2
,24
,2
,24
,3
,3
,36
,2
,3
,8
,2
,7
,4
,4
,5
,12
,1
,1
,48
,2
,1
,10
,7
,3
,30
,2
,1
,2
,1
,3
,1
,0
,1
,1
,48
,1
,12
,4
,1
,3
,9
,4
,24
,87
,2
,1
,2
,4
,3
,1
,1
,6
,4
,1
,3
,3
,4
,48
,2
,1
,1
,15
,7
,8
,108
,2
,1
,2
,1
,2
,2
,4
,1
,8
,3
,17
,30
,1
,2
,3
,2
,1
,4
,1
,8
,2
,1
,2
,12
,2
,1
,1
,2
,2
,72
,3
,9
,6
,3
,2
,2
,2
,6
,3
,3
,3
,30
,2
,12
,24
,2
,2
,10
,2
,3
,7
,3
,2
,1
,4
,12
,6
,1
,3
,2
,4
,9
,11
,2
,4
,4
,2
,4
,1
,2
,48
,2
,8
,1
,3
,10
,3
,24
,64
,7
,1
,2
,3
,2
,3
,2
,2
,36
,11
,1
,2
,36
,8
,36
,3
,84
,3
,16
,5
,1
,1
,24
,4
,72
,2
,53
,5
,3
,15
,1
,2
,4
,3
,3
,3
,4
,13
,3
,18
,2
,3
,2
,2
,6
,3
,8
,2
,3
,18
,4
,0
,36
,1
,10
,3
,4
,1
,12
,2
,12
,1
,49
,36
,2
,1
,12
,3
,18
,5
,24
,2
,2
,0
,3
,2
,2
,12
,18
,4
,0
,3
,12
,1
,2
,1
,2
,4
,36
,3
,2
,1
,6
,8
,120
,1
,9
,2
,5
,3
,2
,2
,7
,1
,4
,1
,3
,3
,1
,3
,5
,1
,2
,2
,2
,2
,3
,12
,2
,3
,1
,16
,24
,1
,1
,18
,4
,2
,2
,18
,4
,2
,3
,2
,16
,1
,1
,3
,7
,2
,17
,3
,4
,3
,0
,1
,24
,18
,28
,2
,1
,24
,12
,1
,15
,24
,2
,2
,0
,3
,72
,32
,5
,10
,1
,3
,7
,8
,1
,5
,12
,4
,1
,2
,5
,6
,12
,1
,108
,2
,2
,4
,4
,7
,1
,12
,3
,1
,2
,12
,36
,1
,2
,2
,6
,2
,4
,12
,16
,1
,3
,24
,4
,4
,36
,2
,12
,12
,72
,6
,0
,2
,5
,72
,1
,48
,3
,112
,1
,1
,3
,8
,5
,3
,36
,3
,23
,24
,1
,2
,51
,2
,36
,14
,17
,12
,24
,3
,5
,4
,60
,4
,1
,4
,63
,11
,4
,2
,1
,3
,12
,5
,15
,3
,36
,24
,84
,1
,2
,3
,1
,1
,4
,3
,7
,3
,2
,24
,1
,36
,2
,1
,3
,3
,3
,2
,1
,5
,36
,3
,1
,2
,1
,1
,2
,2
,24
,24
,2
,4
,4
,1
,48
,96
,1
,1
,2
,60
,12
,6
,5
,18
,5
,12
,8
,1
,12
,3
,12
,3
,1
,9
,10
,2
,3
,3
,1
,2
,5
,2
,60
,4
,4
,15
,36
,11
,4
,24
,2
,3
,3
,12
,1
,24
,48
,1
,3
,3
,1
,6
,2
,3
,1
,8
,12
,72
,5
,2
,1
,1
,1
,1
,2
,30
,36
,48
,72
,48
,12
,10
,5
,1
,24
,4
,8
,2
,3
,4
,10
,48
,47
,1
,2
,4
,5
,4
,60
,24
,3
,2
,18
,2
,4
,12
,4
,6
,3
,1
,1
,1
,3
,24
,1
,11
,24
,4
,4
,1
,2
,2
,2
,1
,5
,11
,2
,2
,2
,2
,12
,12
,120
,60
,11
,36
,3
,12
,2
,2
,2
,36
,12
,21
,3
,1
,0
,1
,3
,36
,5
,12
,4
,4
,36
,1
,2
,24
,1
,2
,1
,6
,156
,2
,12
,21
,24
,2
,10
,3
,2
,20
,2
,6
,24
,5
,4
,17
,2
,2
,2
,12
,2
,1
,4
,36
,53
,60
,14
,6
,8
,5
,3
,24
,2
,3
,2
,60
,1
,9
,6
,1
,1
,5
,3
,3
,3
,4
,36
,5
,24
,2
,2
,2
,10
,2
,6
,3
,4
,3
,5
,72
,4
,1
,2
,2
,4
,5
,12
,2
,36
,1
,1
,3
,1
,3
,1
,84
,2
,2
,9
,18
,24
,11
,20
,2
,12
,1
,21
,5
,39
,4
,1
,3
,3
,4
,1
,6
,1
,2
,2
,2
,7
,8
,120
,2
,24
,3
,3
,3
,1
,3
,12
,1
,16
,4
,1
,3
,35
,2
,2
,2
,24
,2
,4
,10
,4
,2
,2
,18
,36
,2
,41
,4
,2
,3
,2
,1
,48
,2
,7
,1
,2
,16
,2
,2
,1
,2
,2
,24
,1
,1
,5
,36
,4
,48
,1
,2
,12
,2
,24
,36
,24
,96
,9
,1
,5
,3
,17
,4
,1
,4
,4
,0
,4
,2
,2
,4
,1
,2
,3
,2
,24
,7
,1
,24
,13
,36
,36
,7
,1
,48
,3
,1
,10
,9
,2
,3
,1
,8
,12
,4
,5
,1
,1
,2
,1
,3
,36
,3
,2
,2
,1
,2
,24
,2
,6
,5
,12
,12
,1
,2
,36
,2
,2
,2
,1
,6
,2
,6
,2
,24
,4
,24
,5
,84
,2
,1
,12
,2
,2
,1
,3
,4
,1
,12
,2
,2
,2
,2
,3
,3
,3
,1
,12
,12
,48
,2
,36
,4
,7
,3
,3
,2
,4
,7
,0
,1
,2
,2
,2
,14
,16
,36
,2
,12
,5
,36
,2
,24
,3
,3
,2
,24
,2
,1
,1
,12
,1
,84
,8
,2
,6
,1
,66
,3
,9
,12
,11
,2
,8
,12
,1
,2
,1
,3
,24
,2
,15
,3
,2
,3
,2
,108
,1
,2
,3
,4
,24
,1
,0
,4
,12
,2
,4
,2
,7
,12
,1
,3
,24
,2
,12
,24
,3
,11
,1
,1
,2
,19
,2
,3
,12
,8
,36
,2
,42
,5
,3
,3
,1
,4
,3
,2
,2
,2
,3
,1
,2
,5
,24
,12
,1
,2
,3
,1
,48
,4
,19
,2
,11
,3
,3
,6
,3
,18
,41
,3
,2
,6
,3
,2
,1
,2
,12
,4
,24
,3
,1
,3
,48
,12
,4
,11
,26
,36
,17
,3
,3
,2
,2
,3
,72
,6
,2
,7
,48
,2
,1
,8
,2
,36
,8
,2
,16
,1
,24
,48
,3
,25
,1
,3
,2
,2
,5
,96
,12
,2
,2
,2
,1
,1
,2
,1
,2
,2
,1
,4
,1
,2
,3
,2
,1
,4
,1
,7
,7
,1
,10
,2
,3
,4
,24
,4
,2
,2
,2
,2
,2
,4
,6
,12
,2
,17
,48
,2
,60
,12
,24
,7
,12
,2
,2
,2
,0
,2
,5
,5
,2
,2
,12
,34
,2
,24
,1
,2
,3
,19
,3
,60
,1
,6
,1
,2
,3
,1
,1
,7
,1
,2
,6
,2
,4
,24
,3
,2
,2
,1
,6
,2
,11
,2
,2
,3
,3
,1
,3
,65
,2
,2
,5
,3
,7
,1
,17
,2
,2
,32
,8
,11
,12
,7
,4
,24
,12
,4
,5
,6
,4
,2
,12
,6
,6
,2
,2
,2
,9
,27
,112
,1
,24
,11
,2
,4
,2
,132
,3
,7
,6
,60
,1
,1
,1
,7
,2
,2
,2
,2
,24
,2
,3
,2
,8
,2
,2
,11
,12
,3
,1
,1
,3
,2
,4
,4
,72
,4
,1
,7
,2
,72
,9
,1
,21
,7
,2
,2
,4
,4
,6
,1
,2
,2
,2
,3
,12
,2
,2
,72
,1
,3
,13
,2
,36
,2
,76
,7
,2
,9
,3
,3
,4
,12
,1
,16
,1
,1
,2
,67
,2
,36
,2
,3
,0
,12
,6
,3
,5
,2
,37
,6
,3
,12
,4
,9
,2
,4
,2
,2
,1
,4
,2
,2
,12
,72
,2
,2
,3
,36
,4
,4
,2
,12
,3
,60
,2
,2
,24
,1
,96
,2
,3
,12
,12
,4
,12
,2
,0
,5
,0
,1
,2
,3
,2
,4
,1
,12
,2
,3
,5
,12
,12
,7
,1
,6
,2
,2
,5
,0
,2
,2
,4
,3
,6
,7
,24
,1
,36
,8
,1
,4
,2
,2
,3
,2
,19
,2
,0
,1
,12
,3
,2
,1
,1
,4
,3
,2
,2
,3
,12
,5
,2
,5
,2
,2
,84
,1
,12
,0
,0
,12
,10
,4
,1
,2
,2
,24
,1
,48
,2
,8
,11
,18
,5
,12
,18
,24
,2
,77
,4
,24
,2
,36
,12
,4
,2
,0
,8
,7
,2
,12
,2
,5
,3
,1
,60
,3
,1
,2
,48
,2
,1
,2
,7
,2
,2
,1
,2
,16
,24
,1
,5
,72
,4
,12
,120
,2
,7
,2
,2
,12
,4
,3
,12
,6
,9
,36
,24
,2
,48
,3
,5
,6
,48
,3
,2
,3
,3
,2
,5
,4
,7
,48
,1
,2
,2
,12
,3
,2
,12
,3
,3
,6
,1
,2
,36
,7
,60
,48
,11
,18
,3
,4
,36
,2
,1
,2
,3
,7
,1
,2
,24
,2
,12
,12
,4
,2
,6
,1
,18
,8
,36
,1
,2
,2
,12
,4
,12
,48
,1
,2
,8
,2
,2
,3
,1
,36
,48
,4
,32
,4
,1
,5
,5
,29
,12
,24
,1
,2
,2
,1
,4
,48
,2
,12
,0
,1
,4
,1
,2
,24
,1
,4
,2
,2
,4
,12
,1
,2
,1
,72
,22
,1
,1
,0
,2
,2
,2
,2
,2
,1
,31
,2
,60
,3
,3
,2
,12
,18
,2
,2
,9
,17
,0
,3
,2
,3
,8
,2
,6
,2
,1
,3
,48
,4
,1
,3
,3
,36
,5
,8
,1
,7
,5
,2
,6
,48
,1
,2
,1
,36
,2
,4
,12
,1
,2
,7
,2
,1
,18
,1
,60
,2
,2
,25
,2
,24
,2
,24
,24
,2
,3
,3
,180
,24
,2
,36
,2
,2
,24
,1
,2
,1
,84
,10
,1
,7
,36
,24
,3
,3
,4
,2
,3
,36
,2
,12
,7
,3
,8
,12
,48
,6
,1
,2
,10
,7
,2
,5
,2
,96
,60
,3
,2
,2
,24
,2
,3
,1
,22
,2
,3
,2
,3
,4
,30
,3
,6
,2
,3
,1
,12
,1
,3
,3
,4
,1
,2
,2
,3
,2
,5
,8
,2
,9
,2
,7
,3
,2
,12
,6
,2
,48
,2
,6
,2
,1
,36
,12
,2
,3
,2
,1
,2
,1
,1
,2
,2
,3
,6
,3
,3
,3
,41
,5
,1
,2
,2
,1
,2
,4
,7
,26
,1
,2
,6
,1
,36
,11
,3
,6
,4
,24
,4
,2
,2
,1
,3
,24
,6
,12
,3
,3
,11
,1
,36
,7
,8
,4
,3
,2
,2
,2
,1
,1
,2
,3
,1
,24
,4
,3
,2
,3
,7
,13
,29
,7
,1
,6
,2
,36
,1
,2
,1
,4
,4
,2
,9
,8
,24
,13
,1
,2
,2
,82
,2
,24
,1
,1
,48
,2
,5
,2
,1
,3
,2
,3
,3
,29
,5
,5
,5
,10
,5
,10
,6
,60
,12
,12
,60
,24
,2
,3
,2
,14
,2
,36
,16
,4
,48
,3
,1
,10
,3
,2
,2
,2
,24
,2
,9
,6
,2
,1
,5
,3
,15
,3
,4
,77
,10
,2
,2
,3
,4
,4
,2
,2
,8
,5
,2
,10
,3
,3
,15
,3
,5
,1
,4
,86
,24
,0
,2
,1
,92
,1
,3
,9
,2
,3
,2
,1
,1
,60
,3
,3
,84
,4
,12
,2
,12
,2
,12
,2
,5
,1
,2
,3
,4
,1
,0
,4
,2
,4
,48
,1
,4
,2
,1
,3
,9
,36
,3
,2
,1
,2
,4
,1
,5
,2
,42
,5
,11
,12
,4
,42
,7
,84
,36
,65
,4
,6
,18
,12
,12
,5
,3
,2
,40
,48
,12
,1
,3
,84
,2
,9
,0
,2
,14
,36
,1
,1
,12
,2
,1
,1
,3
,7
,2
,2
,18
,10
,2
,3
,3
,1
,24
,3
,6
,2
,5
,2
,1
,12
,10
,2
,18
,36
,36
,6
,21
,3
,1
,1
,36
,8
,1
,2
,2
,0
,4
,24
,96
,2
,18
,1
,4
,4
,2
,12
,2
,2
,3
,5
,2
,2
,4
,5
,2
,2
,2
,8
,1
,9
,60
,60
,4
,1
,2
,8
,8
,24
,3
,3
,30
,5
,1
,2
,2
,48
,9
,3
,1
,4
,1
,12
,48
,36
,7
,8
,1
,2
,48
,10
,12
,12
,2
,6
,60
,2
,60
,5
,7
,0
,3
,2
,11
,36
,1
,7
,1
,17
,1
,1
,84
,2
,3
,6
,13
,3
,0
,1
,60
,11
,3
,1
,108
,1
,3
,3
,3
,26
,6
,36
,2
,2
,8
,5
,2
,1
,1
,2
,12
,12
,78
,9
,36
,2
,4
,2
,2
,12
,6
,36
,0
,2
,8
,48
,5
,3
,2
,4
,3
,3
,5
,17
,1
,2
,8
,1
,2
,3
,42
,2
,84
,11
,12
,51
,8
,2
,1
,2
,2
,2
,1
,36
,20
,1
,24
,2
,1
,0
,9
,6
,12
,36
,7
,1
,3
,2
,0
,2
,1
,2
,57
,5
,21
,2
,8
,3
,30
,2
,3
,10
,1
,7
,15
,4
,7
,3
,1
,96
,3
,6
,1
,2
,12
,3
,60
,2
,12
,0
,8
,13
,1
,1
,2
,14
,36
,5
,5
,60
,6
,3
,4
,3
,4
,2
,10
,6
,3
,1
,8
,1
,1
,1
,5
,96
,36
,36
,2
,48
,4
,48
,4
,1
,4
,1
,1
,2
,8
,72
,4
,2
,4
,3
,4
,1
,3
,5
,2
,3
,12
,4
,1
,3
,7
,1
,2
,12
,3
,3
,1
,4
,2
,30
,1
,0
,38
,9
,6
,3
,2
,9
,2
,2
,3
,7
,2
,4
,2
,3
,9
,4
,12
,72
,1
,2
,12
,3
,30
,12
,3
,24
,14
,3
,1
,2
,84
,4
,5
,6
,48
,48
,12
,11
,3
,1
,3
,1
,4
,2
,3
,60
,5
,24
,2
,12
,6
,3
,2
,60
,3
,10
,12
,5
,24
,2
,36
,3
,1
,6
,2
,2
,1
,8
,2
,2
,1
,2
,1
,2
,2
,2
,48
,1
,2
,3
,3
,12
,2
,1
,0
,24
,96
,24
,18
,3
,1
,7
,1
,9
,2
,48
,2
,1
,3
,2
,1
,36
,2
,60
,6
,2
,4
,1
,3
,6
,1
,2
,4
,1
,8
,1
,24
,2
,14
,1
,2
,4
,1
,2
,48
,12
,9
,4
,1
,1
,3
,6
,7
,3
,8
,1
,1
,2
,4
,2
,6
,1
,1
,1
,3
,8
,4
,6
,2
,12
,1
,168
,3
,1
,4
,14
,53
,2
,1
,2
,26
,10
,2
,48
,2
,1
,3
,12
,24
,4
,12
,1
,3
,29
,30
,19
,36
,3
,20
,6
,18
,18
,17
,11
,18
,4
,24
,2
,3
,2
,2
,2
,3
,2
,2
,7
,4
,2
,32
,3
,1
,3
,1
,2
,3
,1
,2
,3
,24
,12
,12
,11
,12
,2
,4
,6
,48
,3
,2
,1
,17
,15
,2
,2
,3
,9
,5
,3
,1
,2
,3
,3
,2
,1
,7
,2
,2
,4
,20
,3
,29
,3
,24
,2
,1
,1
,3
,1
,3
,8
,3
,3
,1
,2
,2
,1
,1
,76
,3
,5
,33
,10
,120
,4
,2
,9
,2
,12
,4
,3
,48
,1
,2
,3
,2
,2
,1
,24
,2
,2
,3
,3
,17
,4
,3
,4
,24
,1
,6
,24
,4
,19
,1
,72
,1
,2
,12
,60
,3
,4
,8
,84
,9
,10
,3
,2
,2
,34
,2
,23
,1
,2
,1
,2
,12
,2
,2
,1
,2
,3
,1
,2
,48
,4
,36
,32
,12
,3
,24
,1
,2
,10
,2
,32
,4
,8
,2
,36
,2
,2
,3
,2
,1
,4
,2
,2
,5
,3
,6
,7
,3
,12
,3
,6
,1
,2
,16
,2
,24
,3
,3
,2
,12
,12
,2
,24
,72
,2
,89
,3
,3
,2
,10
,67
,8
,2
,1
,5
,8
,1
,14
,36
,2
,12
,3
,2
,18
,12
,17
,14
,3
,1
,5
,2
,3
,4
,1
,8
,1
,3
,2
,14
,1
,2
,2
,1
,6
,2
,3
,2
,2
,12
,4
,2
,5
,1
,4
,1
,1
,2
,8
,5
,6
,12
,4
,12
,7
,1
,1
,2
,4
,1
,4
,72
,5
,2
,1
,4
,3
,1
,3
,6
,2
,0
,15
,16
,1
,108
,21
,4
,15
,24
,36
,2
,24
,18
,4
,24
,5
,2
,5
,8
,2
,5
,1
,3
,2
,5
,6
,4
,1
,36
,2
,12
,2
,0
,2
,54
,48
,7
,19
,12
,2
,4
,5
,1
,12
,2
,3
,24
,12
,1
,3
,1
,3
,10
,2
,2
,14
,48
,3
,5
,1
,1
,4
,1
,2
,2
,22
,2
,7
,0
,12
,10
,2
,2
,64
,5
,15
,1
,15
,3
,1
,12
,8
,2
,7
,6
,8
,2
,5
,2
,1
,5
,1
,6
,2
,1
,48
,24
,2
,9
,4
,3
,84
,84
,4
,2
,12
,4
,2
,1
,8
,2
,6
,6
,1
,5
,1
,36
,3
,3
,19
,7
,8
,1
,60
,3
,2
,3
,2
,4
,36
,2
,2
,4
,1
,2
,4
,1
,1
,2
,4
,2
,5
,8
,1
,35
,1
,4
,2
,28
,2
,18
,1
,5
,7
,24
,1
,24
,1
,3
,4
,3
,1
,2
,13
,18
,2
,3
,3
,36
,4
,4
,2
,2
,12
,1
,12
,12
,12
,7
,1
,3
,2
,18
,3
,2
,12
,24
,1
,12
,3
,6
,4
,3
,13
,5
,2
,3
,2
,42
,1
,54
,1
,2
,36
,4
,12
,84
,3
,7
,3
,72
,8
,1
,2
,4
,2
,2
,2
,8
,4
,24
,2
,96
,1
,1
,20
,8
,2
,8
,72
,3
,3
,16
,12
,1
,12
,24
,2
,84
,1
,2
,3
,1
,12
,3
,5
,46
,4
,1
,12
,0
,36
,1
,60
,12
,4
,1
,3
,2
,12
,0
,1
,1
,4
,39
,1
,2
,6
,2
,5
,4
,3
,2
,3
,2
,2
,1
,6
,2
,60
,1
,2
,4
,5
,3
,6
,1
,2
,42
,7
,2
,2
,1
,7
,2
,3
,1
,4
,2
,5
,1
,2
,3
,9
,26
,8
,3
,10
,14
,6
,8
,12
,2
,2
,12
,2
,72
,2
,16
,12
,1
,1
,2
,1
,3
,2
,8
,2
,2
,2
,2
,1
,24
,3
,2
,2
,2
,2
,2
,3
,10
,2
,36
,12
,1
,1
,1
,6
,1
,1
,12
,1
,5
,96
,8
,51
,12
,1
,36
,7
,2
,2
,1
,12
,9
,4
,2
,1
,36
,3
,72
,1
,31
,12
,5
,8
,3
,2
,2
,2
,1
,48
,2
,12
,2
,12
,8
,4
,4
,2
,2
,4
,2
,4
,1
,1
,6
,7
,3
,3
,24
,3
,1
,3
,60
,5
,6
,36
,7
,4
,3
,120
,8
,1
,0
,36
,2
,3
,3
,29
,24
,1
,8
,10
,4
,24
,12
,3
,30
,5
,12
,21
,0
,3
,3
,12
,1
,2
,2
,1
,12
,2
,2
,36
,4
,2
,1
,1
,3
,1
,2
,2
,2
,3
,25
,12
,1
,3
,24
,24
,24
,24
,2
,2
,7
,1
,1
,12
,7
,2
,1
,8
,4
,7
,6
,36
,1
,36
,48
,3
,2
,7
,2
,3
,2
,24
,3
,36
,1
,36
,4
,18
,1
,3
,48
,2
,2
,6
,36
,2
,21
,4
,3
,24
,36
,3
,1
,48
,16
,2
,2
,2
,9
,6
,4
,2
,36
,36
,1
,24
,5
,3
,2
,4
,4
,18
,2
,3
,1
,24
,102
,36
,7
,2
,4
,48
,2
,24
,55
,3
,24
,3
,1
,48
,2
,2
,2
,3
,6
,4
,2
,5
,4
,20
,1
,4
,3
,0
,2
,2
,2
,17
,3
,2
,8
,6
,9
,36
,3
,144
,24
,9
,4
,2
,24
,1
,4
,2
,9
,3
,6
,1
,12
,1
,2
,2
,6
,1
,11
,1
,3
,4
,77
,8
,4
,3
,2
,2
,3
,36
,8
,1
,4
,11
,4
,5
,12
,2
,4
,1
,4
,1
,3
,10
,3
,1
,60
,3
,6
,3
,72
,2
,12
,1
,2
,8
,0
,2
,96
,10
,2
,4
,4
,4
,4
,12
,1
,1
,2
,1
,7
,7
,5
,2
,7
,3
,3
,9
,2
,5
,2
,2
,3
,2
,5
,2
,1
,4
,2
,3
,2
,2
,18
,2
,2
,12
,4
,3
,2
,2
,3
,2
,1
,2
,24
,2
,1
,2
,2
,2
,72
,3
,1
,5
,0
,0
,6
,12
,12
,4
,2
,22
,24
,48
,4
,13
,60
,2
,24
,2
,72
,1
,6
,84
,0
,2
,2
,96
,2
,96
,2
,24
,1
,0
,4
,2
,5
,4
,2
,1
,2
,6
,24
,3
,1
,2
,12
,2
,3
,0
,72
,2
,1
,6
,24
,12
,4
,24
,1
,4
,24
,19
,1
,12
,2
,3
,2
,5
,3
,1
,3
,24
,2
,2
,4
,5
,1
,4
,2
,2
,18
,4
,2
,2
,1
,3
,2
,1
,2
,3
,5
,3
,1
,2
,2
,2
,36
,24
,120
,2
,1
,1
,1
,2
,2
,2
,2
,2
,2
,3
,12
,28
,2
,1
,3
,1
,24
,3
,4
,4
,2
,30
,2
,3
,12
,12
,33
,4
,6
,2
,3
,2
,3
,4
,12
,60
,3
,2
,12
,1
,18
,20
,3
,1
,3
,3
,2
,2
,1
,2
,24
,1
,24
,60
,41
,3
,48
,1
,7
,1
,36
,8
,2
,1
,24
,1
,2
,3
,2
,2
,2
,2
,0
,2
,7
,2
,13
,17
,2
,1
,45
,4
,12
,3
,1
,2
,24
,132
,1
,24
,2
,1
,1
,4
,1
,1
,5
,6
,6
,3
,3
,16
,1
,4
,1
,24
,36
,4
,7
,3
,2
,2
,2
,6
,3
,1
,12
,6
,5
,2
,60
,2
,4
,2
,2
,1
,3
,1
,3
,1
,3
,2
,1
,12
,12
,3
,84
,4
,24
,1
,52
,3
,2
,2
,12
,22
,4
,3
,2
,10
,3
,2
,2
,23
,2
,12
,19
,9
,3
,3
,6
,6
,147
,7
,2
,2
,24
,2
,3
,1
,1
,3
,5
,1
,8
,2
,3
,3
,2
,8
,3
,84
,9
,1
,12
,3
,2
,3
,2
,3
,3
,6
,3
,4
,7
,1
,3
,3
,0
,1
,4
,6
,10
,3
,3
,12
,1
,2
,1
,1
,4
,12
,2
,60
,4
,2
,12
,1
,2
,3
,1
,2
,48
,0
,9
,2
,1
,2
,3
,6
,4
,3
,2
,1
,7
,2
,4
,3
,17
,3
,3
,12
,2
,36
,1
,6
,2
,3
,2
,1
,1
,1
,1
,11
,2
,2
,12
,2
,5
,0
,2
,72
,12
,2
,4
,6
,1
,1
,12
,12
,2
,3
,1
,2
,36
,3
,12
,1
,3
,8
,36
,16
,9
,2
,12
,8
,2
,14
,2
,3
,4
,3
,1
,21
,1
,1
,84
,1
,1
,12
,2
,8
,12
,2
,2
,12
,36
,2
,1
,9
,36
,2
,2
,4
,1
,60
,12
,12
,6
,120
,2
,3
,46
,3
,2
,12
,2
,4
,1
,60
,24
,2
,60
,6
,4
,3
,6
,3
,1
,3
,4
,1
,38
,2
,1
,2
,18
,5
,48
,0
,19
,11
,1
,3
,10
,3
,1
,60
,36
,1
,2
,24
,3
,12
,12
,15
,3
,60
,2
,2
,4
,84
,24
,5
,1
,1
,11
,24
,11
,5
,4
,3
,2
,3
,2
,2
,18
,48
,3
,2
,5
,3
,3
,1
,3
,16
,3
,0
,120
,24
,17
,3
,2
,12
,67
,12
,6
,2
,2
,1
,56
,6
,12
,7
,1
,8
,1
,24
,14
,24
,7
,36
,2
,4
,2
,36
,2
,2
,3
,1
,24
,4
,3
,4
,2
,3
,4
,1
,3
,3
,68
,1
,4
,4
,24
,51
,4
,17
,1
,4
,3
,1
,1
,2
,2
,3
,5
,1
,2
,62
,1
,12
,60
,2
,3
,1
,36
,2
,1
,2
,6
,12
,4
,2
,2
,24
,12
,4
,2
,2
,24
,1
,4
,4
,2
,3
,2
,48
,6
,60
,2
,5
,1
,2
,3
,3
,2
,2
,80
,1
,2
,4
,7
,4
,36
,3
,2
,5
,36
,4
,4
,18
,12
,2
,1
,2
,12
,3
,12
,12
,22
,5
,24
,24
,1
,54
,36
,1
,2
,1
,2
,2
,6
,24
,4
,1
,2
,3
,1
,24
,2
,1
,0
,1
,1
,3
,8
,2
,1
,4
,51
,1
,5
,3
,1
,2
,3
,2
,2
,11
,4
,12
,4
,5
,60
,6
,3
,2
,6
,3
,2
,3
,3
,3
,1
,3
,1
,36
,120
,28
,5
,2
,3
,12
,4
,10
,4
,2
,96
,9
,2
,2
,2
,4
,2
,60
,96
,1
,54
,1
,1
,4
,12
,2
,1
,4
,2
,4
,2
,4
,12
,12
,5
,48
,48
,7
,10
,2
,1
,7
,10
,60
,36
,2
,12
,7
,2
,1
,4
,2
,8
,2
,3
,3
,24
,1
,1
,2
,24
,5
,4
,2
,4
,2
,8
,24
,5
,1
,9
,15
,24
,60
,3
,2
,3
,6
,12
,2
,1
,2
,3
,2
,4
,3
,4
,12
,11
,2
,12
,1
,2
,12
,1
,2
,4
,12
,15
,10
,3
,24
,36
,2
,12
,13
,84
,1
,3
,1
,2
,2
,84
,2
,4
,2
,2
,2
,2
,3
,1
,4
,1
,24
,36
,1
,10
,2
,96
,4
,60
,96
,2
,12
,3
,1
,36
,6
,36
,1
,3
,4
,1
,1
,2
,1
,3
,12
,12
,1
,4
,7
,7
,2
,2
,2
,3
,6
,3
,2
,36
,3
,2
,3
,15
,2
,6
,10
,6
,1
,212
,4
,2
,1
,2
,12
,4
,3
,3
,2
,2
,24
,1
,3
,1
,3
,8
,3
,24
,1
,12
,1
,18
,2
,3
,2
,8
,5
,3
,4
,3
,2
,18
,12
,2
,9
,3
,2
,24
,36
,2
,36
,2
,2
,8
,2
,3
,2
,36
,4
,4
,3
,5
,13
,10
,2
,3
,3
,28
,48
,4
,1
,2
,48
,1
,60
,1
,3
,3
,10
,12
,18
,3
,10
,2
,3
,2
,6
,7
,2
,2
,3
,16
,24
,2
,255
,9
,3
,2
,3
,45
,12
,3
,1
,1
,5
,3
,4
,1
,3
,48
,1
,84
,32
,2
,3
,24
,10
,2
,3
,5
,48
,1
,2
,2
,1
,4
,96
,2
,12
,14
,84
,10
,10
,2
,4
,2
,24
,24
,120
,2
,2
,27
,1
,48
,1
,26
,1
,2
,3
,3
,2
,2
,5
,2
,2
,12
,1
,2
,12
,12
,4
,0
,3
,18
,8
,2
,2
,2
,36
,4
,5
,48
,12
,1
,17
,1
,61
,3
,1
,5
,2
,1
,11
,17
,24
,4
,4
,12
,4
,15
,1
,3
,2
,12
,3
,3
,3
,1
,1
,3
,6
,12
,3
,2
,1
,4
,18
,8
,6
,2
,3
,22
,24
,3
,2
,1
,3
,12
,2
,5
,9
,2
,0
,8
,3
,1
,18
,84
,3
,2
,9
,18
,5
,1
,4
,72
,144
,24
,4
,12
,24
,24
,1
,36
,2
,5
,1
,1
,8
,7
,85
,2
,0
,24
,0
,5
,12
,3
,1
,3
,24
,2
,7
,48
,3
,1
,2
,3
,2
,3
,1
,2
,36
,10
,12
,18
,24
,1
,2
,4
,18
,1
,9
,24
,1
,24
,48
,25
,27
,72
,1
,4
,2
,1
,12
,2
,18
,11
,2
,29
,4
,1
,5
,24
,2
,24
,3
,2
,7
,1
,12
,5
,12
,24
,2
,3
,5
,1
,12
,5
,10
,12
,1
,2
,5
,10
,2
,2
,2
,6
,1
,2
,2
,2
,2
,48
,2
,12
,1
,5
,18
,36
,4
,3
,2
,2
,5
,4
,2
,24
,2
,1
,84
,60
,2
,3
,72
,3
,8
,24
,1
,2
,1
,2
,7
,84
,2
,10
,3
,1
,2
,36
,15
,1
,7
,2
,12
,6
,2
,5
,1
,2
,1
,2
,2
,18
,2
,2
,1
,55
,10
,24
,1
,88
,1
,3
,14
,1
,4
,2
,12
,1
,2
,2
,3
,5
,38
,6
,1
,3
,7
,24
,2
,84
,1
,2
,2
,5
,2
,2
,6
,4
,4
,2
,0
,24
,2
,1
,8
,7
,4
,48
,6
,5
,3
,3
,2
,5
,0
,2
,3
,2
,2
,0
,2
,120
,1
,1
,4
,1
,2
,6
,6
,4
,1
,2
,2
,2
,60
,3
,4
,2
,2
,2
,3
,2
,4
,24
,6
,1
,14
,7
,2
,2
,4
,1
,2
,1
,41
,3
,29
,1
,5
,1
,2
,1
,2
,18
,12
,1
,1
,2
,12
,2
,2
,4
,1
,2
,60
,3
,3
,2
,2
,18
,12
,2
,6
,5
,48
,0
,3
,1
,4
,1
,1
,12
,2
,24
,2
,2
,1
,4
,1
,1
,8
,1
,1
,120
,8
,2
,3
,8
,2
,2
,1
,24
,3
,1
,5
,2
,36
,2
,2
,1
,6
,7
,1
,4
,1
,1
,1
,1
,1
,4
,7
,8
,12
,2
,4
,1
,2
,3
,120
,2
,4
,7
,6
,2
,60
,2
,6
,2
,4
,48
,30
,2
,2
,24
,24
,36
,12
,1
,3
,1
,15
,4
,2
,0
,24
,36
,1
,2
,1
,2
,24
,3
,60
,12
,60
,1
,6
,1
,4
,3
,72
,6
,12
,1
,1
,12
,3
,2
,3
,12
,3
,18
,4
,2
,2
,0
,5
,12
,1
,2
,4
,12
,9
,2
,18
,2
,12
,4
,12
,2
,2
,1
,3
,60
,1
,12
,9
,3
,3
,12
,5
,24
,1
,12
,4
,1
,8
,1
,13
,4
,3
,3
,3
,5
,12
,1
,2
,2
,3
,3
,48
,2
,9
,3
,2
,1
,2
,1
,2
,24
,18
,2
,2
,3
,2
,3
,49
,1
,2
,24
,8
,2
,3
,4
,1
,2
,6
,2
,14
,8
,2
,4
,1
,60
,12
,1
,1
,2
,7
,2
,5
,7
,2
,2
,3
,4
,7
,29
,3
,2
,4
,9
,3
,7
,1
,3
,3
,12
,36
,3
,1
,3
,2
,9
,5
,2
,3
,3
,24
,24
,36
,1
,3
,84
,6
,2
,2
,4
,12
,2
,2
,2
,2
,1
,2
,12
,5
,5
,2
,10
,0
,1
,2
,36
,24
,72
,2
,6
,2
,1
,2
,7
,4
,2
,1
,3
,12
,1
,36
,3
,14
,22
,24
,3
,2
,4
,12
,4
,2
,36
,4
,0
,6
,6
,2
,7
,4
,48
,2
,12
,5
,12
,2
,2
,12
,2
,3
,6
,12
,2
,5
,2
,12
,2
,2
,30
,2
,2
,2
,3
,4
,9
,6
,84
,5
,12
,2
,6
,2
,10
,12
,3
,9
,3
,1
,3
,4
,2
,8
,1
,10
,4
,11
,2
,1
,2
,1
,2
,1
,3
,2
,9
,3
,1
,24
,9
,8
,1
,0
,2
,24
,12
,24
,4
,5
,3
,1
,36
,24
,0
,2
,9
,3
,2
,3
,2
,84
,2
,1
,4
,4
,1
,1
,9
,2
,12
,3
,2
,6
,36
,2
,3
,3
,10
,2
,2
,108
,72
,48
,2
,3
,84
,10
,3
,6
,2
,24
,7
,12
,1
,4
,3
,8
,2
,1
,2
,3
,24
,18
,17
,12
,2
,2
,12
,2
,48
,2
,3
,2
,80
,2
,12
,6
,1
,1
,2
,2
,3
,3
,2
,2
,2
,36
,24
,2
,4
,12
,3
,4
,36
,12
,3
,2
,3
,2
,1
,3
,3
,3
,3
,1
,1
,48
,2
,3
,7
,2
,15
,3
,3
,1
,3
,3
,2
,3
,84
,1
,8
,1
,2
,2
,1
,14
,1
,60
,36
,0
,1
,2
,6
,3
,3
,3
,5
,1
,2
,60
,12
,6
,2
,48
,1
,3
,3
,3
,7
,2
,1
,3
,72
,2
,8
,5
,2
,4
,1
,1
,2
,12
,24
,36
,1
,2
,1
,12
,3
,2
,3
,12
,1
,7
,1
,2
,11
,2
,12
,4
,1
,2
,1
,3
,12
,2
,48
,3
,2
,36
,1
,2
,12
,4
,12
,2
,2
,36
,1
,12
,8
,3
,3
,36
,1
,1
,24
,1
,3
,2
,4
,1
,1
,6
,8
,12
,15
,3
,3
,5
,24
,1
,6
,28
,2
,4
,2
,1
,3
,1
,4
,3
,7
,18
,4
,18
,2
,3
,2
,3
,1
,8
,2
,0
,2
,1
,24
,3
,2
,60
,2
,2
,2
,96
,2
,1
,11
,5
,12
,4
,2
,4
,24
,60
,36
,10
,6
,6
,18
,12
,4
,6
,9
,48
,3
,5
,2
,3
,8
,2
,18
,36
,1
,8
,24
,36
,1
,1
,3
,1
,5
,1
,4
,3
,1
,4
,1
,2
,3
,1
,1
,2
,4
,2
,1
,2
,9
,50
,3
,48
,2
,48
,6
,2
,24
,2
,3
,20
,2
,8
,2
,2
,3
,12
,2
,3
,3
,2
,7
,2
,2
,48
,17
,60
,2
,2
,30
,12
,36
,3
,12
,1
,24
,2
,2
,2
,1
,30
,12
,6
,2
,5
,2
,6
,9
,1
,4
,6
,5
,1
,5
,2
,2
,3
,8
,3
,2
,7
,16
,2
,2
,36
,12
,3
,0
,3
,1
,15
,2
,1
,12
,2
,2
,2
,10
,3
,2
,2
,2
,12
,6
,18
,7
,24
,2
,3
,2
,5
,2
,2
,3
,1
,2
,2
,60
,3
,3
,1
,14
,8
,2
,10
,12
,8
,12
,3
,2
,3
,3
,1
,36
,1
,18
,2
,2
,3
,4
,3
,1
,8
,2
,5
,36
,7
,3
,3
,6
,24
,1
,72
,5
,12
,36
,36
,2
,2
,40
,7
,30
,3
,2
,4
,1
,3
,10
,8
,30
,3
,4
,4
,4
,24
,1
,2
,1
,24
,9
,12
,48
,1
,60
,6
,2
,5
,1
,2
,2
,3
,2
,12
,1
,5
,1
,1
,0
,1
,6
,3
,12
,3
,2
,3
,3
,1
,30
,2
,1
,11
,2
,12
,1
,2
,1
,48
,2
,2
,12
,2
,12
,84
,1
,61
,6
,2
,3
,2
,60
,60
,4
,24
,3
,2
,1
,2
,6
,1
,2
,1
,3
,1
,2
,4
,3
,3
,2
,3
,3
,6
,24
,2
,1
,36
,4
,3
,2
,2
,7
,24
,3
,12
,2
,12
,3
,3
,2
,3
,1
,12
,4
,4
,1
,4
,2
,2
,1
,21
,36
,2
,4
,5
,1
,4
,1
,12
,6
,1
,1
,10
,1
,2
,5
,2
,2
,8
,3
,4
,4
,2
,7
,2
,1
,19
,3
,54
,1
,3
,2
,120
,12
,4
,2
,3
,2
,2
,3
,0
,4
,2
,4
,4
,2
,1
,60
,1
,5
,1
,2
,36
,3
,3
,2
,1
,2
,4
,15
,2
,2
,12
,18
,3
,1
,32
,60
,24
,14
,1
,14
,3
,18
,7
,24
,12
,12
,2
,12
,28
,108
,2
,1
,1
,4
,48
,12
,4
,36
,15
,2
,2
,4
,5
,5
,4
,2
,2
,2
,1
,1
,12
,48
,1
,12
,2
,2
,3
,2
,14
,5
,2
,1
,36
,36
,3
,4
,9
,2
,1
,4
,4
,2
,16
,2
,3
,120
,2
,2
,3
,84
,1
,18
,2
,2
,9
,17
,3
,36
,3
,1
,2
,1
,12
,1
,1
,1
,3
,2
,2
,3
,5
,3
,2
,18
,12
,2
,6
,2
,2
,3
,1
,3
,5
,3
,1
,8
,2
,12
,9
,1
,33
,1
,5
,2
,5
,3
,6
,24
,2
,48
,12
,4
,3
,2
,3
,1
,36
,1
,16
,1
,5
,2
,1
,3
,6
,2
,6
,2
,2
,10
,6
,2
,0
,18
,3
,72
,24
,1
,2
,2
,2
,4
,2
,4
,48
,48
,24
,7
,1
,1
,3
,3
,3
,3
,8
,2
,60
,3
,5
,7
,0
,1
,2
,2
,3
,0
,2
,2
,10
,2
,43
,108
,2
,1
,2
,32
,1
,2
,6
,4
,1
,4
,1
,17
,9
,2
,24
,24
,2
,1
,5
,2
,1
,2
,4
,4
,9
,10
,7
,5
,8
,2
,10
,2
,4
,3
,2
,5
,60
,32
,8
,4
,12
,1
,1
,6
,1
,1
,8
,1
,2
,2
,15
,15
,1
,1
,2
,4
,1
,12
,84
,6
,4
,4
,12
,10
,2
,48
,12
,1
,12
,2
,1
,3
,3
,3
,4
,3
,36
,24
,3
,1
,4
,12
,28
,36
,12
,8
,1
,60
,12
,2
,1
,7
,1
,2
,2
,1
,6
,9
,2
,3
,2
,3
,12
,2
,4
,0
,60
,4
,36
,3
,9
,27
,1
,1
,10
,2
,12
,212
,2
,6
,3
,3
,1
,30
,1
,3
,30
,2
,6
,24
,1
,13
,17
,2
,24
,15
,1
,1
,2
,2
,2
,36
,18
,2
,5
,2
,46
,48
,3
,2
,14
,1
,21
,3
,2
,10
,2
,7
,14
,4
,12
,1
,2
,2
,0
,6
,24
,84
,1
,4
,7
,2
,2
,2
,24
,1
,3
,3
,2
,19
,1
,4
,4
,72
,1
,4
,12
,3
,3
,10
,30
,3
,2
,1
,3
,4
,24
,8
,36
,72
,2
,3
,2
,1
,2
,2
,5
,1
,2
,120
,36
,3
,4
,4
,12
,24
,12
,12
,1
,21
,6
,1
,5
,1
,3
,3
,7
,2
,3
,1
,1
,12
,1
,4
,36
,1
,2
,36
,12
,12
,12
,3
,1
,1
,0
,2
,2
,2
,4
,4
,26
,0
,3
,1
,36
,2
,2
,12
,3
,2
,3
,7
,2
,3
,4
,1
,2
,9
,3
,5
,0
,3
,18
,2
,1
,2
,2
,2
,4
,24
,3
,32
,1
,1
,6
,1
,18
,3
,36
,6
,24
,3
,2
,2
,5
,10
,8
,2
,29
,1
,4
,2
,48
,0
,3
,2
,1
,3
,4
,2
,5
,1
,24
,3
,12
,12
,4
,4
,2
,24
,1
,24
,4
,2
,2
,24
,9
,4
,1
,5
,3
,2
,1
,1
,2
,12
,1
,4
,3
,3
,12
,108
,1
,6
,0
,26
,2
,8
,8
,5
,4
,1
,4
,24
,2
,4
,2
,1
,14
,6
,3
,2
,48
,3
,84
,2
,2
,15
,6
,12
,2
,12
,7
,1
,1
,8
,4
,1
,2
,57
,11
,9
,3
,9
,36
,2
,18
,96
,3
,8
,2
,30
,0
,3
,18
,1
,2
,4
,3
,1
,2
,1
,3
,84
,2
,3
,24
,3
,7
,1
,60
,54
,1
,4
,12
,12
,4
,3
,2
,3
,1
,2
,12
,2
,9
,2
,2
,2
,1
,2
,2
,2
,5
,2
,5
,2
,24
,3
,3
,2
,2
,2
,3
,4
,4
,12
,4
,18
,12
,5
,5
,30
,12
,2
,10
,21
,3
,2
,4
,3
,1
,1
,12
,2
,3
,3
,3
,5
,9
,2
,2
,2
,2
,2
,1
,24
,2
,4
,3
,2
,48
,36
,8
,5
,24
,24
,2
,3
,60
,5
,2
,2
,12
,3
,1
,12
,3
,48
,1
,4
,1
,2
,1
,2
,2
,12
,2
,2
,12
,2
,4
,4
,1
,4
,2
,1
,5
,1
,1
,2
,8
,32
,2
,6
,2
,2
,39
,2
,17
,1
,6
,26
,2
,4
,2
,1
,6
,24
,36
,2
,2
,12
,2
,1
,1
,84
,18
,12
,2
,4
,9
,17
,4
,6
,24
,0
,2
,2
,4
,2
,3
,2
,5
,4
,4
,6
,7
,39
,4
,2
,5
,1
,1
,96
,96
,3
,3
,2
,4
,12
,2
,2
,2
,6
,3
,24
,6
,2
,4
,12
,5
,12
,24
,6
,1
,2
,60
,2
,2
,12
,0
,72
,3
,6
,3
,2
,3
,72
,24
,1
,8
,12
,2
,12
,3
,1
,2
,1
,24
,2
,2
,3
,6
,27
,4
,6
,1
,8
,4
,2
,1
,5
,2
,12
,2
,2
,2
,10
,2
,4
,3
,1
,1
,12
,29
,1
,2
,2
,4
,2
,5
,1
,14
,1
,3
,7
,9
,12
,2
,12
,238
,2
,1
,12
,2
,21
,5
,2
,2
,12
,36
,6
,2
,3
,36
,60
,4
,48
,2
,2
,3
,4
,12
,18
,1
,12
,12
,1
,3
,2
,36
,2
,2
,11
,2
,9
,1
,6
,3
,5
,6
,3
,1
,1
,2
,8
,1
,19
,12
,2
,36
,1
,0
,2
,2
,2
,60
,19
,2
,1
,2
,3
,1
,3
,1
,4
,3
,2
,48
,2
,2
,3
,96
,1
,36
,5
,3
,2
,24
,6
,1
,6
,2
,14
,84
,1
,12
,12
,4
,3
,36
,3
,24
,2
,1
,144
,4
,12
,48
,18
,4
,2
,2
,12
,12
,2
,2
,24
,42
,4
,3
,2
,4
,2
,2
,18
,2
,48
,8
,72
,8
,1
,14
,11
,1
,23
,12
,96
,18
,1
,4
,1
,5
,1
,2
,6
,1
,10
,1
,5
,1
,2
,3
,10
,2
,4
,1
,100
,2
,3
,3
,5
,2
,2
,24
,8
,1
,3
,48
,3
,2
,36
,20
,2
,24
,12
,8
,3
,3
,1
,3
,20
,18
,2
,3
,36
,6
,36
,2
,12
,60
,2
,15
,1
,48
,24
,4
,3
,3
,78
,1
,3
,2
,1
,2
,2
,1
,2
,16
,3
,2
,25
,3
,1
,2
,2
,12
,2
,20
,3
,6
,2
,22
,1
,1
,12
,2
,1
,6
,3
,60
,36
,2
,6
,1
,8
,2
,3
,1
,4
,4
,8
,8
,5
,2
,8
,60
,9
,4
,8
,6
,24
,1
,1
,1
,2
,2
,4
,72
,4
,9
,2
,12
,5
,1
,2
,3
,3
,12
,60
,2
,1
,1
,12
,3
,2
,2
,120
,15
,1
,2
,10
,12
,12
,2
,2
,7
,2
,12
,3
,1
,1
,21
,60
,1
,12
,2
,2
,3
,15
,2
,29
,2
,11
,3
,1
,14
,4
,3
,24
,2
,12
,3
,2
,4
,12
,48
,1
,84
,5
,12
,3
,2
,2
,2
,7
,4
,3
,24
,5
,4
,1
,5
,2
,5
,3
,2
,11
,7
,4
,84
,1
,1
,0
,3
,9
,4
,21
,36
,48
,1
,1
,7
,5
,1
,2
,108
,1
,6
,6
,24
,1
,1
,60
,2
,0
,3
,2
,3
,8
,5
,3
,2
,2
,6
,3
,2
,1
,10
,2
,60
,60
,2
,18
,6
,7
,24
,1
,2
,5
,1
,3
,5
,1
,3
,0
,4
,60
,6
,1
,28
,3
,12
,1
,2
,1
,1
,2
,1
,1
,2
,48
,2
,4
,48
,6
,4
,7
,3
,2
,5
,60
,2
,3
,2
,1
,12
,42
,12
,9
,8
,60
,4
,11
,3
,2
,2
,54
,5
,2
,7
,3
,6
,5
,3
,4
,1
,12
,12
,3
,1
,4
,4
,3
,3
,1
,24
,2
,10
,2
,2
,3
,2
,5
,72
,6
,38
,1
,1
,78
,3
,2
,12
,6
,1
,2
,36
,17
,2
,4
,18
,1
,3
,2
,12
,36
,1
,2
,6
,12
,24
,2
,2
,2
,5
,1
,4
,6
,1
,4
,2
,7
,5
,14
,3
,1
,3
,3
,1
,1
,84
,2
,1
,2
,2
,12
,2
,2
,3
,48
,2
,4
,2
,4
,4
,1
,17
,2
,14
,1
,2
,24
,3
,1
,2
,12
,3
,5
,3
,2
,24
,10
,2
,3
,2
,4
,5
,3
,2
,5
,3
,25
,4
,1
,2
,3
,9
,3
,24
,4
,4
,2
,7
,7
,3
,1
,2
,9
,24
,21
,48
,1
,12
,6
,3
,6
,5
,2
,3
,24
,3
,1
,3
,1
,2
,2
,2
,3
,2
,3
,2
,3
,36
,1
,2
,2
,12
,4
,5
,3
,2
,48
,60
,3
,3
,1
,3
,0
,4
,12
,1
,4
,2
,2
,15
,5
,3
,3
,12
,4
,3
,2
,4
,1
,3
,24
,3
,1
,4
,2
,1
,9
,1
,48
,2
,5
,72
,72
,1
,4
,4
,21
,2
,24
,1
,17
,38
,2
,48
,2
,24
,3
,12
,2
,14
,96
,5
,24
,12
,7
,3
,10
,6
,48
,5
,9
,12
,8
,2
,3
,12
,7
,24
,8
,2
,36
,1
,60
,3
,1
,2
,24
,24
,2
,12
,1
,2
,2
,2
,36
,2
,3
,24
,60
,48
,6
,6
,1
,36
,1
,84
,2
,3
,1
,1
,9
,9
,2
,2
,7
,12
,0
,24
,11
,3
,12
,3
,1
,24
,3
,9
,4
,8
,60
,27
,1
,2
,2
,3
,8
,8
,2
,84
,3
,8
,12
,2
,6
,6
,3
,2
,4
,1
,9
,2
,1
,24
,1
,36
,3
,48
,3
,6
,5
,3
,1
,3
,3
,1
,1
,72
,2
,36
,4
,6
,1
,2
,60
,3
,4
,4
,2
,3
,6
,2
,12
,6
,1
,12
,2
,2
,4
,12
,12
,1
,5
,2
,2
,2
,13
,1
,20
,1
,1
,23
,2
,3
,3
,2
,36
,4
,120
,6
,6
,2
,6
,3
,2
,12
,1
,5
,12
,24
,2
,24
,1
,36
,1
,36
,1
,4
,13
,8
,5
,60
,3
,2
,3
,2
,6
,2
,36
,60
,1
,5
,2
,9
,2
,2
,1
,7
,2
,1
,6
,2
,5
,1
,5
,5
,4
,3
,36
,3
,2
,1
,3
,5
,6
,6
,5
,5
,4
,12
,1
,2
,5
,5
,3
,1
,2
,12
,4
,4
,24
,7
,2
,3
,2
,4
,15
,6
,5
,21
,60
,1
,2
,1
,1
,2
,3
,1
,2
,3
,2
,15
,12
,2
,1
,3
,48
,36
,0
,2
,2
,1
,3
,78
,2
,3
,3
,0
,2
,1
,4
,53
,132
,2
,1
,1
,3
,1
,3
,2
,1
,12
,72
,3
,1
,2
,5
,18
,36
,2
,6
,3
,2
,8
,1
,60
,1
,1
,24
,1
,2
,1
,12
,4
,3
,6
,3
,2
,2
,1
,72
,2
,8
,1
,2
,6
,3
,12
,24
,3
,84
,18
,1
,2
,4
,2
,12
,8
,5
,34
,3
,1
,5
,9
,50
,6
,3
,36
,18
,12
,14
,2
,1
,2
,2
,1
,2
,2
,48
,1
,41
,12
,4
,3
,36
,48
,4
,15
,1
,36
,11
,5
,3
,1
,0
,18
,1
,2
,2
,4
,3
,2
,60
,4
,2
,2
,3
,1
,2
,10
,2
,3
,3
,2
,3
,12
,5
,2
,2
,3
,0
,2
,6
,1
,2
,3
,4
,2
,4
,2
,12
,12
,1
,6
,1
,2
,9
,3
,2
,2
,4
,2
,2
,2
,3
,73
,13
,3
,1
,84
,12
,48
,3
,2
,18
,24
,2
,6
,24
,3
,3
,2
,2
,4
,2
,3
,1
,1
,18
,1
,2
,3
,84
,36
,15
,4
,6
,3
,12
,1
,15
,2
,4
,30
,13
,2
,16
,72
,1
,28
,6
,3
,2
,6
,1
,12
,7
,4
,1
,3
,4
,3
,7
,1
,10
,24
,18
,2
,5
,4
,6
,2
,3
,29
,37
,4
,2
,15
,4
,1
,24
,3
,1
,27
,3
,7
,7
,1
,1
,8
,2
,2
,24
,3
,9
,24
,4
,1
,24
,2
,60
,2
,72
,2
,1
,1
,1
,48
,2
,0
,84
,1
,12
,3
,3
,5
,1
,48
,9
,30
,1
,2
,2
,4
,5
,1
,1
,3
,24
,10
,3
,2
,4
,4
,0
,3
,12
,42
,1
,10
,1
,5
,24
,7
,2
,3
,36
,1
,4
,2
,1
,2
,60
,1
,3
,2
,0
,4
,4
,84
,12
,2
,2
,12
,1
,36
,7
,5
,8
,6
,12
,12
,60
,2
,24
,24
,9
,2
,9
,2
,36
,14
,3
,1
,48
,2
,24
,4
,18
,5
,1
,1
,3
,2
,48
,4
,180
,3
,1
,3
,4
,2
,48
,2
,1
,10
,6
,1
,54
,24
,1
,8
,16
,6
,1
,2
,14
,4
,3
,12
,2
,38
,5
,12
,5
,3
,4
,20
,2
,5
,1
,2
,24
,2
,12
,3
,11
,1
,13
,5
,1
,3
,24
,72
,16
,12
,72
,24
,4
,12
,1
,2
,84
,24
,1
,1
,3
,12
,72
,1
,3
,12
,2
,7
,12
,2
,2
,2
,4
,2
,4
,24
,1
,2
,3
,5
,48
,3
,3
,1
,6
,7
,2
,1
,2
,4
,2
,1
,2
,6
,3
,108
,1
,6
,6
,2
,10
,3
,60
,1
,1
,6
,24
,4
,2
,1
,7
,12
,1
,2
,1
,1
,3
,1
,1
,2
,10
,9
,36
,10
,2
,1
,48
,1
,1
,3
,12
,1
,1
,24
,3
,2
,5
,2
,4
,16
,7
,2
,2
,2
,4
,17
,9
,36
,51
,2
,1
,8
,1
,1
,3
,4
,2
,4
,30
,36
,17
,8
,1
,1
,1
,4
,2
,2
,24
,3
,2
,3
,1
,14
,30
,24
,12
,96
,1
,36
,12
,15
,3
,24
,4
,2
,24
,4
,6
,12
,10
,36
,2
,48
,2
,12
,2
,5
,1
,2
,24
,24
,5
,4
,8
,2
,60
,2
,4
,24
,2
,7
,2
,4
,3
,6
,24
,3
,3
,8
,3
,2
,2
,1
,2
,13
,2
,29
,1
,16
,2
,2
,1
,1
,2
,1
,24
,3
,9
,3
,4
,3
,2
,24
,17
,4
,1
,3
,2
,2
,1
,2
,21
,2
,2
,12
,1
,4
,2
,36
,1
,2
,4
,3
,36
,2
,1
,2
,12
,3
,10
,4
,3
,1
,48
,36
,18
,6
,12
,3
,2
,5
,36
,48
,2
,4
,2
,2
,30
,2
,2
,2
,48
,12
,4
,2
,4
,3
,1
,2
,2
,1
,2
,13
,4
,2
,3
,3
,2
,1
,1
,11
,2
,3
,2
,12
,12
,0
,24
,4
,2
,6
,48
,1
,7
,1
,6
,36
,2
,1
,24
,2
,10
,2
,5
,2
,2
,2
,24
,84
,3
,4
,6
,24
,8
,2
,3
,60
,24
,1
,6
,2
,60
,2
,9
,1
